days,miles,receipts,expected,predicted,error,abs_error
5.0,644.0,2383.17,1785.53,778.8,-1006.73,1006.73
5.0,781.0,2114.27,1789.85,806.2,-983.6499999999999,983.6499999999999
7.0,1176.0,2489.13,1921.16,950.0,-971.1600000000001,971.1600000000001
6.0,372.0,2494.69,1742.34,774.4,-967.9399999999999,967.9399999999999
7.0,1109.0,2397.29,1917.57,950.0,-967.5699999999999,967.5699999999999
5.0,895.0,2329.69,1791.96,829.0,-962.96,962.96
5.0,1010.0,2054.21,1810.37,850.0,-960.3699999999999,960.3699999999999
6.0,1193.0,2241.5,1839.47,900.0,-939.47,939.47
4.0,862.0,2335.55,1698.94,772.4,-926.5400000000001,926.5400000000001
7.0,776.0,2447.82,1826.93,905.2,-921.73,921.73
4.0,886.0,2401.28,1698.0,777.2,-920.8,920.8
7.0,1086.0,2319.81,1858.36,950.0,-908.3599999999999,908.3599999999999
6.0,751.0,2085.98,1757.81,850.2,-907.6099999999999,907.6099999999999
11.0,1106.0,2250.54,2050.62,1150.0,-900.6199999999999,900.6199999999999
4.0,1000.0,2355.34,1699.56,800.0,-899.56,899.56
5.0,503.0,2335.55,1649.42,750.6,-898.82,898.82
4.0,1113.0,2103.82,1695.08,800.0,-895.0799999999999,895.0799999999999
5.0,586.0,2135.36,1661.61,767.2,-894.4099999999999,894.4099999999999
5.0,1004.0,2367.63,1743.85,850.0,-893.8499999999999,893.8499999999999
7.0,987.0,2164.1,1839.67,947.4,-892.2700000000001,892.2700000000001
4.0,1194.0,2250.51,1691.15,800.0,-891.1500000000001,891.1500000000001
3.0,769.0,2497.93,1587.8,703.8,-884.0,884.0
7.0,381.0,2106.96,1705.27,826.2,-879.0699999999999,879.0699999999999
7.0,381.0,2342.27,1705.24,826.2,-879.04,879.04
9.0,938.0,2224.29,1913.87,1037.6,-876.27,876.27
14.0,530.0,2028.06,2079.14,1206.0,-873.1399999999999,873.1399999999999
5.0,659.0,2083.15,1645.06,781.8,-863.26,863.26
5.0,1116.0,2460.46,1711.97,850.0,-861.97,861.97
5.0,905.0,2317.31,1691.38,831.0,-860.3800000000001,860.3800000000001
5.0,942.0,2092.87,1696.72,838.4,-858.32,858.32
2.0,826.0,2163.39,1523.26,665.2,-858.06,858.06
3.0,334.0,2449.89,1472.53,616.8,-855.73,855.73
6.0,836.0,2035.17,1718.79,867.2,-851.5899999999999,851.5899999999999
4.0,263.0,2469.06,1503.98,652.6,-851.38,851.38
3.0,266.0,2178.16,1447.95,603.2,-844.75,844.75
5.0,152.0,2444.81,1523.75,680.4,-843.35,843.35
4.0,842.0,2464.29,1611.66,768.4,-843.2600000000001,843.2600000000001
5.0,41.0,2314.68,1500.28,658.2,-842.0799999999999,842.0799999999999
11.0,1156.0,2231.86,1988.56,1150.0,-838.56,838.56
5.0,778.0,2423.47,1643.96,805.6,-838.36,838.36
11.0,1116.0,2067.8,1987.44,1150.0,-837.44,837.44
4.0,348.0,2047.08,1507.04,669.6,-837.4399999999999,837.4399999999999
6.0,470.0,2235.72,1628.6,794.0,-834.5999999999999,834.5999999999999
6.0,135.0,2488.22,1561.2,727.0,-834.2,834.2
1.0,872.0,2420.07,1456.34,624.4,-831.9399999999999,831.9399999999999
1.0,697.0,2148.5,1421.07,589.4,-831.67,831.67
2.0,1158.0,2355.92,1528.91,700.0,-828.9100000000001,828.9100000000001
4.0,275.0,2359.64,1483.58,655.0,-828.5799999999999,828.5799999999999
2.0,798.0,2334.41,1485.4,659.6,-825.8000000000001,825.8000000000001
1.0,1002.0,2320.13,1475.4,650.0,-825.4000000000001,825.4000000000001
7.0,313.0,2408.02,1637.65,812.6,-825.0500000000001,825.0500000000001
4.0,256.0,2218.74,1476.03,651.2,-824.8299999999999,824.8299999999999
7.0,300.0,2417.85,1634.04,810.0,-824.04,824.04
2.0,983.0,2109.93,1519.98,696.6,-823.38,823.38
3.0,327.0,2141.92,1438.41,615.4,-823.0100000000001,823.0100000000001
3.0,760.0,2073.25,1522.45,702.0,-820.45,820.45
5.0,1077.0,2234.35,1665.23,850.0,-815.23,815.23
14.0,267.0,2090.21,1968.4,1153.4,-815.0,815.0
3.0,779.0,2110.9,1520.73,705.8,-814.9300000000001,814.9300000000001
5.0,1085.0,2486.43,1664.83,850.0,-814.8299999999999,814.8299999999999
5.0,1080.0,2383.82,1664.76,850.0,-814.76,814.76
1.0,793.0,2171.07,1421.36,608.6,-812.7599999999999,812.7599999999999
4.0,198.0,2106.63,1450.67,639.6,-811.07,811.07
2.0,570.0,2297.12,1423.86,614.0,-809.8599999999999,809.8599999999999
3.0,665.0,2418.16,1490.96,683.0,-807.96,807.96
4.0,448.0,2055.97,1497.46,689.6,-807.86,807.86
4.0,422.0,2049.71,1491.9,684.4,-807.5000000000001,807.5000000000001
4.0,180.0,2365.46,1443.02,636.0,-807.02,807.02
12.0,601.0,2166.56,1918.46,1120.2,-798.26,798.26
3.0,555.0,2342.76,1458.63,661.0,-797.6300000000001,797.6300000000001
4.0,87.0,2463.92,1413.52,617.4,-796.12,796.12
2.0,267.0,2116.93,1349.04,553.4,-795.64,795.64
3.0,981.0,2008.83,1539.47,746.2,-793.27,793.27
1.0,989.0,2196.84,1439.17,647.8,-791.3700000000001,791.3700000000001
3.0,864.0,2338.52,1513.04,722.8,-790.24,790.24
10.0,1009.0,2164.22,1889.87,1100.0,-789.8699999999999,789.8699999999999
11.0,667.0,2221.67,1872.89,1083.4,-789.49,789.49
1.0,673.0,2026.16,1372.83,584.6,-788.2299999999999,788.2299999999999
13.0,710.0,2223.86,1979.83,1192.0,-787.8299999999999,787.8299999999999
11.0,685.0,2272.75,1873.94,1087.0,-786.94,786.94
5.0,132.0,2387.03,1454.05,676.4,-777.65,777.65
3.0,429.0,2400.13,1411.95,635.8,-776.1500000000001,776.1500000000001
4.0,84.0,2243.12,1392.1,616.8,-775.3,775.3
1.0,1112.0,2011.44,1423.85,650.0,-773.8499999999999,773.8499999999999
8.0,867.0,2373.39,1747.22,973.4,-773.82,773.82
8.0,916.0,2417.62,1755.05,983.2,-771.8499999999999,771.8499999999999
1.0,1068.0,2011.28,1421.45,650.0,-771.45,771.45
14.0,595.0,2140.61,1989.13,1219.0,-770.1300000000001,770.1300000000001
3.0,139.0,2428.89,1345.66,577.8,-767.8600000000001,767.8600000000001
4.0,1124.0,2177.18,1567.43,800.0,-767.4300000000001,767.4300000000001
9.0,1064.0,2016.76,1810.94,1050.0,-760.94,760.94
1.0,822.0,2170.53,1374.91,614.4,-760.5100000000001,760.5100000000001
11.0,815.0,2385.6,1872.44,1113.0,-759.44,759.44
2.0,897.0,2382.39,1437.95,679.4,-758.5500000000001,758.5500000000001
5.0,36.0,2022.94,1410.58,657.2,-753.3799999999999,753.3799999999999
8.0,1159.0,2175.27,1752.18,1000.0,-752.1800000000001,752.1800000000001
2.0,456.0,2390.7,1342.39,591.2,-751.19,751.19
7.0,287.0,2293.5,1558.09,807.4,-750.6899999999999,750.6899999999999
7.0,256.0,2180.53,1548.87,801.2,-747.6699999999998,747.6699999999998
13.0,1055.0,2005.84,1997.52,1250.0,-747.52,747.52
10.0,1083.0,2105.36,1844.58,1100.0,-744.5799999999999,744.5799999999999
8.0,888.0,2296.07,1718.71,977.6,-741.11,741.11
7.0,151.0,2461.93,1516.58,780.2,-736.3799999999999,736.3799999999999
13.0,112.0,2299.56,1807.67,1072.4,-735.27,735.27
8.0,1012.0,2390.84,1732.12,1000.0,-732.1199999999999,732.1199999999999
10.0,753.0,2054.02,1779.08,1050.6,-728.48,728.48
1.0,170.0,2452.85,1209.08,484.0,-725.0799999999999,725.0799999999999
9.0,800.0,2167.72,1726.51,1010.0,-716.51,716.51
6.0,1203.0,1900.48,1972.88,1260.0,-712.8800000000001,712.8800000000001
9.0,1063.0,2497.79,1761.94,1050.0,-711.94,711.94
10.0,108.0,2181.67,1632.42,921.6,-710.82,710.82
10.0,160.0,2272.56,1642.15,932.0,-710.1500000000001,710.1500000000001
7.0,15.0,2436.67,1459.63,753.0,-706.6300000000001,706.6300000000001
2.0,18.0,2503.46,1206.95,503.6,-703.35,703.35
10.0,872.0,2191.27,1776.62,1074.4,-702.2199999999998,702.2199999999998
14.0,646.0,2418.19,1931.21,1229.2,-702.01,702.01
1.0,123.0,2076.65,1171.68,474.6,-697.08,697.08
10.0,215.0,2440.91,1638.66,943.0,-695.6600000000001,695.6600000000001
12.0,353.0,2150.17,1765.67,1070.6,-695.0700000000002,695.0700000000002
8.0,312.0,2383.17,1557.27,862.4,-694.87,694.87
14.0,904.0,2005.96,1970.01,1280.8,-689.21,689.21
10.0,860.0,2380.76,1759.97,1072.0,-687.97,687.97
3.0,1109.0,2092.26,1436.66,750.0,-686.6600000000001,686.6600000000001
1.0,420.0,2273.6,1220.35,534.0,-686.3499999999999,686.3499999999999
12.0,714.0,2003.23,1829.06,1142.8,-686.26,686.26
9.0,524.0,2367.12,1640.78,954.8,-685.98,685.98
3.0,1159.0,2209.44,1434.84,750.0,-684.8399999999999,684.8399999999999
3.0,1162.0,2152.66,1434.71,750.0,-684.71,684.71
9.0,460.0,2424.47,1624.68,942.0,-682.6800000000001,682.6800000000001
10.0,976.0,2166.02,1775.03,1095.2,-679.8299999999999,679.8299999999999
9.0,1097.0,2330.2,1728.07,1050.0,-678.0699999999999,678.0699999999999
1.0,43.0,2149.22,1134.47,458.6,-675.87,675.87
12.0,398.0,2481.44,1755.18,1079.6,-675.5800000000002,675.5800000000002
8.0,52.0,2353.5,1485.05,810.4,-674.65,674.65
12.0,675.0,2277.93,1807.33,1135.0,-672.3299999999999,672.3299999999999
12.0,574.0,2240.9,1785.72,1114.8,-670.9200000000001,670.9200000000001
14.0,343.0,2013.4,1839.05,1168.6,-670.45,670.45
8.0,621.0,2391.34,1593.12,924.2,-668.9199999999998,668.9199999999998
1.0,9.0,2246.28,1120.22,451.8,-668.4200000000001,668.4200000000001
13.0,858.0,2258.01,1889.71,1221.6,-668.1100000000001,668.1100000000001
8.0,204.0,2178.45,1506.38,840.8,-665.5800000000002,665.5800000000002
8.0,466.0,2064.63,1558.12,893.2,-664.9199999999998,664.9199999999998
11.0,623.0,2265.21,1739.18,1074.6,-664.5800000000002,664.5800000000002
1.0,462.0,2047.57,1202.9,542.4,-660.5000000000001,660.5000000000001
14.0,191.0,2442.76,1798.47,1138.2,-660.27,660.27
11.0,512.0,2016.19,1710.53,1052.4,-658.1299999999999,658.1299999999999
10.0,643.0,2263.77,1685.92,1028.6,-657.3200000000002,657.3200000000002
12.0,46.0,2077.07,1666.29,1009.2,-657.0899999999999,657.0899999999999
13.0,1186.0,2462.26,1906.35,1250.0,-656.3499999999999,656.3499999999999
5.0,789.0,1853.31,1792.88,1136.7,-656.1800000000001,656.1800000000001
10.0,358.0,2066.62,1624.11,971.6,-652.5099999999999,652.5099999999999
8.0,107.0,2450.89,1468.19,821.4,-646.7900000000001,646.7900000000001
13.0,125.0,2004.61,1721.56,1075.0,-646.56,646.56
12.0,734.0,2491.82,1792.31,1146.8,-645.51,645.51
12.0,1074.0,2407.71,1843.97,1200.0,-643.97,643.97
14.0,1184.0,2269.89,1943.24,1300.0,-643.24,643.24
12.0,566.0,2013.7,1752.03,1113.2,-638.8299999999999,638.8299999999999
13.0,145.0,2202.42,1716.13,1079.0,-637.1300000000001,637.1300000000001
6.0,668.0,1922.45,1796.98,1160.4,-636.5799999999999,636.5799999999999
8.0,342.0,2259.06,1502.02,868.4,-633.62,633.62
11.0,663.0,2141.08,1715.29,1082.6,-632.69,632.69
12.0,643.0,2194.16,1758.03,1128.6,-629.4300000000001,629.4300000000001
4.0,463.0,1963.41,1607.34,978.9,-628.4399999999999,628.4399999999999
10.0,454.0,2359.42,1619.0,990.8,-628.2,628.2
11.0,913.0,2253.41,1758.56,1132.6,-625.96,625.96
11.0,636.0,2238.97,1699.94,1077.2,-622.74,622.74
8.0,7.0,2075.6,1422.12,801.4,-620.7199999999999,620.7199999999999
12.0,59.0,2247.39,1629.92,1011.8,-618.1200000000001,618.1200000000001
9.0,662.0,2275.59,1599.27,982.4,-616.87,616.87
14.0,467.0,2176.26,1809.83,1193.4,-616.4299999999998,616.4299999999998
11.0,24.0,2029.04,1569.37,954.8,-614.5699999999999,614.5699999999999
2.0,660.0,1944.4,1531.2,918.0,-613.2,613.2
14.0,865.0,2497.16,1885.87,1273.0,-612.8699999999999,612.8699999999999
11.0,67.0,2455.53,1572.91,963.4,-609.5100000000001,609.5100000000001
11.0,372.0,2048.26,1632.61,1024.4,-608.2099999999998,608.2099999999998
10.0,536.0,2194.42,1615.13,1007.2,-607.9300000000001,607.9300000000001
10.0,683.0,2442.92,1643.68,1036.6,-607.0800000000002,607.0800000000002
13.0,247.0,2339.61,1705.9,1099.4,-606.5,606.5
14.0,1090.0,2248.68,1905.5,1300.0,-605.5,605.5
14.0,616.0,2374.41,1828.37,1223.2,-605.1699999999998,605.1699999999998
12.0,958.0,2499.84,1791.69,1191.6,-600.0900000000001,600.0900000000001
14.0,1158.0,2104.61,1899.69,1300.0,-599.69,599.69
8.0,275.0,2347.09,1454.47,855.0,-599.47,599.47
12.0,1075.0,2328.11,1798.38,1200.0,-598.3800000000001,598.3800000000001
8.0,792.0,2437.24,1556.7,958.4,-598.3000000000001,598.3000000000001
11.0,532.0,2419.86,1653.69,1056.4,-597.29,597.29
11.0,226.0,2013.45,1590.82,995.2,-595.6199999999999,595.6199999999999
14.0,1056.0,2489.69,1894.16,1300.0,-594.1600000000001,594.1600000000001
12.0,158.0,2195.67,1625.46,1031.6,-593.8600000000001,593.8600000000001
5.0,233.0,1862.04,1562.23,969.9,-592.33,592.33
6.0,172.0,1977.78,1603.89,1011.6,-592.2900000000001,592.2900000000001
13.0,1034.0,2477.98,1842.24,1250.0,-592.24,592.24
12.0,342.0,2253.61,1659.5,1068.4,-591.0999999999999,591.0999999999999
2.0,622.0,1871.56,1494.23,906.6,-587.63,587.63
13.0,564.0,2245.56,1745.09,1162.8,-582.29,582.29
7.0,1010.0,1514.03,2063.98,1484.09,-579.8900000000001,579.8900000000001
7.0,847.0,1994.62,1851.7,1274.1,-577.6000000000001,577.6000000000001
10.0,396.0,2068.65,1556.68,979.2,-577.48,577.48
11.0,312.0,2072.39,1586.22,1012.4,-573.82,573.82
12.0,81.0,2485.34,1589.65,1016.2,-573.45,573.45
10.0,478.0,2091.79,1568.41,995.6,-572.8100000000001,572.8100000000001
5.0,387.0,1882.35,1588.8,1016.1,-572.6999999999999,572.6999999999999
3.0,781.0,1801.38,1586.21,1014.3,-571.9100000000001,571.9100000000001
7.0,336.0,1843.58,1691.68,1120.8,-570.8800000000001,570.8800000000001
11.0,706.0,1508.23,2030.59,1459.99,-570.5999999999999,570.5999999999999
7.0,1185.0,1768.01,2072.18,1501.67,-570.5099999999998,570.5099999999998
6.0,475.0,1800.71,1671.23,1102.5,-568.73,568.73
10.0,459.0,2183.11,1559.59,991.8,-567.79,567.79
2.0,785.0,1964.63,1522.76,955.5,-567.26,567.26
8.0,562.0,2479.33,1478.31,912.4,-565.91,565.91
12.0,986.0,2390.92,1760.0,1197.2,-562.8,562.8
7.0,950.0,1739.62,2032.23,1470.59,-561.6400000000001,561.6400000000001
11.0,456.0,2223.72,1600.1,1041.2,-558.8999999999999,558.8999999999999
14.0,807.0,2358.41,1819.41,1261.4,-558.01,558.01
12.0,916.0,2394.85,1740.85,1183.2,-557.6499999999999,557.6499999999999
12.0,528.0,2476.41,1662.88,1105.6,-557.2800000000002,557.2800000000002
12.0,988.0,2492.79,1753.84,1197.6,-556.24,556.24
12.0,18.0,2461.37,1556.78,1003.6,-553.18,553.18
5.0,569.0,1856.7,1623.81,1070.7,-553.1099999999999,553.1099999999999
6.0,930.0,1907.95,1788.75,1239.0,-549.75,549.75
5.0,1014.0,1853.57,1749.31,1200.0,-549.31,549.31
2.0,296.0,1878.7,1354.0,808.8,-545.2,545.2
2.0,958.0,1855.58,1549.54,1007.4,-542.14,542.14
14.0,1122.0,1766.25,2239.35,1698.18,-541.1699999999998,541.1699999999998
7.0,759.0,1694.02,1960.92,1420.43,-540.49,540.49
6.0,367.0,1947.68,1606.76,1070.1,-536.6600000000001,536.6600000000001
3.0,240.0,1895.67,1386.33,852.0,-534.3299999999999,534.3299999999999
7.0,623.0,1894.02,1739.49,1206.9,-532.5899999999999,532.5899999999999
8.0,962.0,1929.63,1897.19,1368.6,-528.5900000000001,528.5900000000001
7.0,953.0,1918.24,1833.56,1305.9,-527.6599999999999,527.6599999999999
4.0,333.0,1934.76,1467.52,939.9,-527.62,527.62
1.0,791.0,1927.75,1419.88,897.3,-522.5800000000002,522.5800000000002
4.0,470.0,1968.63,1501.1,981.0,-520.0999999999999,520.0999999999999
4.0,197.0,1858.84,1416.33,899.1,-517.2299999999999,517.2299999999999
6.0,884.0,1798.31,1897.87,1384.41,-513.4599999999998,513.4599999999998
10.0,1187.0,1981.09,2013.21,1500.0,-513.21,513.21
9.0,1165.0,1868.79,1945.95,1440.0,-505.95000000000005,505.95000000000005
2.0,165.0,1813.32,1273.45,769.5,-503.95000000000005,503.95000000000005
13.0,1140.0,1607.8,2214.64,1712.12,-502.52,502.52
11.0,1126.0,1593.03,2143.74,1643.8,-499.9399999999998,499.9399999999998
8.0,897.0,1536.36,1944.62,1448.61,-496.01,496.01
13.0,529.0,1767.79,2015.18,1519.81,-495.3700000000001,495.3700000000001
7.0,623.0,1691.39,1800.86,1307.91,-492.9499999999998,492.9499999999998
4.0,810.0,1852.31,1575.87,1083.0,-492.8699999999999,492.8699999999999
1.0,1058.0,1601.04,1465.9,975.11,-490.7900000000001,490.7900000000001
2.0,251.0,1916.43,1285.2,795.3,-489.9000000000001,489.9000000000001
7.0,1000.0,1620.46,1971.23,1482.48,-488.75,488.75
1.0,1041.0,1630.25,1466.95,981.06,-485.8900000000001,485.8900000000001
7.0,690.0,1807.71,1710.98,1227.0,-483.98,483.98
11.0,740.0,1171.99,902.09,1376.03,473.93999999999994,473.93999999999994
5.0,1160.0,1901.83,1673.89,1200.0,-473.8900000000001,473.8900000000001
5.0,873.0,1584.53,1796.7,1327.65,-469.04999999999995,469.04999999999995
8.0,892.0,1768.53,1902.37,1436.01,-466.3599999999999,466.3599999999999
6.0,384.0,1656.04,1682.33,1216.25,-466.0799999999999,466.0799999999999
5.0,504.0,1502.63,1628.66,1166.88,-461.78,461.78
3.0,992.0,1897.41,1539.0,1077.6,-461.4000000000001,461.4000000000001
1.0,1113.0,1536.0,1403.6,945.81,-457.78999999999996,457.78999999999996
8.0,1124.0,1908.69,1833.27,1380.0,-453.27,453.27
1.0,389.0,1964.96,1228.94,776.7,-452.24,452.24
6.0,825.0,1692.73,1817.77,1369.42,-448.3499999999999,448.3499999999999
11.0,708.0,1871.77,1916.37,1472.4,-443.9699999999998,443.9699999999998
13.0,1024.0,1712.85,2097.69,1658.22,-439.47,439.47
10.0,877.0,1711.12,1897.37,1459.24,-438.1299999999999,438.1299999999999
2.0,1029.0,1702.6,1577.55,1140.46,-437.0899999999999,437.0899999999999
13.0,618.0,1982.27,2000.39,1565.4,-434.99,434.99
10.0,834.0,1820.8,1883.49,1450.2,-433.28999999999996,433.28999999999996
4.0,672.0,1603.52,1612.43,1179.68,-432.75,432.75
14.0,958.0,1727.76,2065.16,1635.77,-429.3899999999999,429.3899999999999
11.0,654.0,1516.42,1870.43,1443.54,-426.8900000000001,426.8900000000001
4.0,317.0,1793.28,1518.93,1092.89,-426.03999999999996,426.03999999999996
4.0,1180.0,1948.55,1565.16,1140.0,-425.1600000000001,425.1600000000001
5.0,717.0,1508.97,1722.49,1297.67,-424.81999999999994,424.81999999999994
5.0,755.0,1584.41,1729.08,1305.14,-423.9399999999998,423.9399999999998
5.0,320.0,1584.55,1584.73,1166.78,-417.95000000000005,417.95000000000005
9.0,223.0,1916.03,1623.73,1206.9,-416.8299999999999,416.8299999999999
10.0,793.0,1422.29,2007.62,1592.66,-414.9599999999998,414.9599999999998
14.0,1001.0,1647.24,2080.0,1665.31,-414.69000000000005,414.69000000000005
8.0,1053.0,1864.01,1794.57,1380.0,-414.56999999999994,414.56999999999994
1.0,809.0,1734.56,1447.25,1034.5,-412.75,412.75
7.0,577.0,1959.13,1603.6,1193.1,-410.5,410.5
4.0,238.0,1707.28,1483.48,1075.12,-408.3600000000001,408.3600000000001
2.0,1155.0,1517.18,1543.17,1139.52,-403.6500000000001,403.6500000000001
2.0,634.0,1739.81,1490.51,1088.03,-402.48,402.48
13.0,511.0,1628.33,1915.79,1514.57,-401.22,401.22
11.0,498.0,1578.39,1793.52,1393.1,-400.4200000000001,400.4200000000001
11.0,558.0,1549.86,1823.47,1424.2,-399.27,399.27
8.0,1064.0,1756.52,1857.04,1458.64,-398.39999999999986,398.39999999999986
5.0,651.0,1573.3,1682.08,1288.24,-393.8399999999999,393.8399999999999
8.0,1118.0,1758.52,1852.47,1458.64,-393.8299999999999,393.8299999999999
12.0,380.0,1526.79,1787.41,1395.29,-392.1200000000001,392.1200000000001
11.0,527.0,1550.32,1806.06,1415.38,-390.67999999999984,390.67999999999984
7.0,670.0,1558.02,1702.81,1313.86,-388.95000000000005,388.95000000000005
9.0,994.0,1742.62,1849.58,1461.15,-388.42999999999984,388.42999999999984
4.0,1047.0,1657.68,1605.84,1217.44,-388.39999999999986,388.39999999999986
9.0,954.0,1483.39,2024.2,1638.34,-385.8600000000001,385.8600000000001
9.0,497.0,1845.08,1674.09,1289.1,-384.99,384.99
5.0,516.0,1878.49,669.85,1054.8,384.94999999999993,384.94999999999993
8.0,77.0,1930.98,1485.69,1103.1,-382.59000000000015,382.59000000000015
4.0,217.0,1506.46,1455.37,1073.23,-382.1399999999999,382.1399999999999
8.0,862.0,1817.85,1719.37,1338.6,-380.77,380.77
7.0,756.0,1473.59,1961.96,1583.12,-378.84000000000015,378.84000000000015
12.0,64.0,1641.01,1710.72,1332.44,-378.28,378.28
9.0,1096.0,1690.22,1894.85,1516.68,-378.16999999999985,378.16999999999985
9.0,131.0,1990.0,1557.2,1179.3,-377.9000000000001,377.9000000000001
12.0,713.0,1642.01,1873.19,1498.03,-375.1600000000001,375.1600000000001
2.0,933.0,1589.58,1489.99,1115.6,-374.3900000000001,374.3900000000001
3.0,29.0,1632.85,1269.1,895.32,-373.77999999999986,373.77999999999986
6.0,1148.0,1525.81,1776.48,1402.77,-373.71000000000004,373.71000000000004
1.0,698.0,1525.82,1398.75,1026.85,-371.9000000000001,371.9000000000001
2.0,423.0,1639.17,1367.64,997.99,-369.6500000000001,369.6500000000001
12.0,852.0,1957.9,1944.89,1575.6,-369.2900000000002,369.2900000000002
5.0,828.0,1606.84,1690.82,1321.77,-369.04999999999995,369.04999999999995
8.0,752.0,1519.78,1662.92,1294.96,-367.96000000000004,367.96000000000004
13.0,855.0,1798.75,1951.77,1584.67,-367.0999999999999,367.0999999999999
13.0,137.0,1505.66,1777.72,1412.08,-365.6400000000001,365.6400000000001
11.0,741.0,1872.39,1847.08,1482.3,-364.78,364.78
12.0,495.0,1948.13,1831.92,1468.5,-363.4200000000001,363.4200000000001
8.0,817.0,1455.73,1847.26,1485.01,-362.25,362.25
13.0,534.0,1765.96,1881.36,1520.26,-361.0999999999999,361.0999999999999
3.0,133.0,1728.5,1373.4,1012.43,-360.97000000000014,360.97000000000014
12.0,882.0,1958.14,1944.88,1584.6,-360.2800000000002,360.2800000000002
1.0,1166.0,1423.69,1412.13,1052.27,-359.8600000000001,359.8600000000001
6.0,907.0,1650.17,1737.86,1379.73,-358.1299999999999,358.1299999999999
4.0,262.0,1681.28,1435.34,1078.12,-357.22,357.22
1.0,1082.0,1809.49,446.94,803.09,356.15000000000003,356.15000000000003
13.0,922.0,1510.22,1967.87,1612.09,-355.78,355.78
14.0,414.0,1919.7,1918.89,1564.2,-354.69000000000005,354.69000000000005
8.0,255.0,1817.19,1510.91,1156.5,-354.4100000000001,354.4100000000001
11.0,958.0,1999.13,1900.18,1547.4,-352.78,352.78
1.0,682.0,1517.04,1376.04,1025.41,-350.6299999999999,350.6299999999999
4.0,103.0,1790.07,1394.55,1044.5,-350.04999999999995,350.04999999999995
14.0,976.0,1526.58,1995.87,1646.34,-349.53,349.53
11.0,775.0,1752.23,1809.29,1461.08,-348.21000000000004,348.21000000000004
6.0,806.0,1760.64,1718.76,1372.19,-346.56999999999994,346.56999999999994
8.0,795.0,1645.99,644.69,988.19,343.5,343.5
4.0,825.0,874.99,784.52,1124.78,340.26,340.26
3.0,91.0,1640.15,1338.3,999.41,-338.89,338.89
9.0,1000.0,1901.79,1778.65,1440.0,-338.6500000000001,338.6500000000001
14.0,47.0,1667.14,1745.18,1409.82,-335.3600000000001,335.3600000000001
1.0,553.0,1687.11,1295.34,960.12,-335.2199999999999,335.2199999999999
1.0,735.0,1676.9,1365.21,1031.06,-334.1500000000001,334.1500000000001
4.0,764.0,1417.94,1682.1,1348.14,-333.9599999999998,333.9599999999998
10.0,958.0,1643.76,1827.18,1494.73,-332.45000000000005,332.45000000000005
3.0,560.0,1664.15,1419.48,1088.9,-330.5799999999999,330.5799999999999
12.0,1189.0,1453.16,2162.13,1831.61,-330.5200000000002,330.5200000000002
1.0,752.0,1632.35,1362.39,1032.59,-329.8000000000002,329.8000000000002
12.0,965.0,1700.28,1879.09,1549.58,-329.51,329.51
2.0,252.0,1545.94,1300.19,971.34,-328.85,328.85
13.0,1004.0,1757.75,1960.67,1633.67,-327.0,327.0
12.0,482.0,1710.47,1746.74,1421.44,-325.29999999999995,325.29999999999995
14.0,719.0,1973.14,1980.99,1655.7,-325.28999999999996,325.28999999999996
9.0,534.0,1929.94,1624.87,1300.2,-324.66999999999985,324.66999999999985
2.0,370.0,1554.5,1311.23,988.0,-323.23,323.23
9.0,1079.0,1981.94,1763.16,1440.0,-323.1600000000001,323.1600000000001
5.0,1120.0,1514.91,1658.97,1336.88,-322.0899999999999,322.0899999999999
9.0,1139.0,1973.31,1759.33,1440.0,-319.3299999999999,319.3299999999999
1.0,1105.0,1432.3,1387.17,1069.45,-317.72,317.72
1.0,481.0,1792.17,1215.84,898.27,-317.56999999999994,317.56999999999994
2.0,941.0,1565.77,1432.79,1115.25,-317.53999999999996,317.53999999999996
10.0,965.0,1851.28,1805.77,1489.5,-316.27,316.27
8.0,482.0,1411.49,631.81,947.98,316.1700000000001,316.1700000000001
5.0,516.0,1450.67,1547.5,1235.13,-312.3699999999999,312.3699999999999
2.0,299.0,1612.7,1282.8,970.85,-311.94999999999993,311.94999999999993
10.0,692.0,1671.71,1701.23,1390.34,-310.8900000000001,310.8900000000001
11.0,610.0,1990.79,1753.56,1443.0,-310.55999999999995,310.55999999999995
3.0,213.0,1724.85,1344.71,1036.73,-307.98,307.98
3.0,1092.0,1737.65,1462.01,1159.28,-302.73,302.73
12.0,508.0,1970.54,1770.91,1472.4,-298.51,298.51
9.0,768.0,1815.6,1666.18,1370.4,-295.78,295.78
11.0,36.0,1541.47,1593.24,1297.95,-295.28999999999996,295.28999999999996
10.0,797.0,1706.73,1724.42,1433.63,-290.78999999999996,290.78999999999996
10.0,174.0,1991.96,1542.4,1252.2,-290.20000000000005,290.20000000000005
5.0,763.0,1420.94,1777.14,1487.09,-290.0500000000002,290.0500000000002
3.0,1187.0,1632.14,1451.85,1163.97,-287.8799999999999,287.8799999999999
8.0,200.0,1508.89,1461.33,1174.99,-286.3399999999999,286.3399999999999
5.0,195.73,1228.49,511.23,795.74,284.51,284.51
10.0,886.0,1990.03,1749.93,1465.8,-284.1300000000001,284.1300000000001
9.0,696.0,1749.97,1649.49,1369.09,-280.4000000000001,280.4000000000001
13.0,996.0,1809.2,1956.89,1678.8,-278.09000000000015,278.09000000000015
11.0,844.0,1962.77,1787.57,1513.2,-274.3699999999999,274.3699999999999
8.0,592.0,1402.98,1561.41,1288.05,-273.3600000000001,273.3600000000001
11.0,667.0,1915.95,1732.2,1460.1,-272.10000000000014,272.10000000000014
14.0,595.0,1818.77,1889.9,1618.5,-271.4000000000001,271.4000000000001
11.0,1013.0,1483.3,1952.8,1682.34,-270.46000000000004,270.46000000000004
11.0,605.0,1880.69,1711.55,1441.5,-270.04999999999995,270.04999999999995
9.0,885.0,1764.97,1694.37,1424.82,-269.54999999999995,269.54999999999995
10.0,816.0,1425.64,1872.81,1603.62,-269.19000000000005,269.19000000000005
1.0,482.0,1697.08,1198.24,934.93,-263.31000000000006,263.31000000000006
12.0,1088.0,1977.91,1883.21,1620.0,-263.21000000000004,263.21000000000004
6.0,323.0,1477.23,1608.55,1347.32,-261.23,261.23
4.0,69.0,2321.49,322.0,580.87,258.87,258.87
7.0,1006.0,1181.33,2279.82,2023.29,-256.5300000000002,256.5300000000002
12.0,1046.0,1850.85,1875.72,1620.0,-255.72000000000003,255.72000000000003
4.0,286.0,1063.49,418.17,673.25,255.07999999999998,255.07999999999998
5.0,521.0,1448.55,1624.01,1373.48,-250.52999999999997,250.52999999999997
12.0,379.0,1897.29,1682.98,1433.7,-249.27999999999997,249.27999999999997
14.0,1020.0,1201.75,2337.73,2090.83,-246.9000000000001,246.9000000000001
7.0,172.0,1486.86,1557.94,1311.95,-245.99,245.99
1.0,869.0,1498.88,1398.94,1157.3,-241.6400000000001,241.6400000000001
11.0,927.0,1994.33,1779.12,1538.1,-241.01999999999998,241.01999999999998
6.0,164.0,1460.21,1535.3,1295.29,-240.01,240.01
14.0,481.0,939.99,877.17,1116.04,238.87,238.87
6.0,1043.0,1404.35,1807.42,1573.12,-234.30000000000018,234.30000000000018
10.0,175.0,1443.25,1635.5,1404.12,-231.3800000000001,231.3800000000001
9.0,1012.0,1429.04,1880.76,1650.76,-230.0,230.0
6.0,835.0,1404.28,1765.79,1537.15,-228.63999999999987,228.63999999999987
11.0,293.0,1410.0,1673.7,1447.78,-225.92000000000007,225.92000000000007
12.0,959.0,1947.82,1833.24,1607.7,-225.53999999999996,225.53999999999996
7.0,635.0,1406.31,1630.66,1409.32,-221.34000000000015,221.34000000000015
6.0,204.0,818.99,628.4,844.51,216.11,216.11
7.0,889.0,1417.96,1826.08,1614.14,-211.93999999999983,211.93999999999983
14.0,516.0,1464.67,1842.1,1630.44,-211.65999999999985,211.65999999999985
14.0,865.0,1422.11,1921.18,1711.58,-209.60000000000014,209.60000000000014
5.0,754.0,489.99,765.13,973.74,208.61,208.61
7.0,1161.0,1499.97,1862.45,1656.51,-205.94000000000005,205.94000000000005
1.0,678.0,1478.57,1370.31,1176.4,-193.90999999999985,193.90999999999985
2.0,636.0,1438.19,1435.96,1242.08,-193.8800000000001,193.8800000000001
11.0,916.0,1036.91,2098.07,1913.01,-185.06000000000017,185.06000000000017
5.0,873.0,1402.35,1676.79,1494.55,-182.24,182.24
4.0,650.0,619.49,676.38,853.2,176.82000000000005,176.82000000000005
1.0,451.0,555.49,162.18,338.05,175.87,175.87
13.0,632.0,268.91,1396.28,1224.56,-171.72000000000003,171.72000000000003
13.0,1152.0,864.45,1797.14,1968.69,171.54999999999995,171.54999999999995
5.0,198.21,594.83,807.48,636.59,-170.89,170.89
5.0,262.0,1173.79,1485.59,1316.57,-169.01999999999998,169.01999999999998
5.0,210.0,710.49,483.34,640.68,157.33999999999997,157.33999999999997
11.0,1179.0,31.36,1550.55,1396.24,-154.30999999999995,154.30999999999995
10.0,773.0,865.92,1837.11,1684.43,-152.67999999999984,152.67999999999984
11.0,198.0,269.95,695.66,847.47,151.81000000000006,151.81000000000006
8.0,1025.0,1031.33,2214.64,2065.54,-149.0999999999999,149.0999999999999
10.0,796.0,1352.08,2000.19,1851.93,-148.26,148.26
2.0,384.0,495.49,290.36,433.2,142.83999999999997,142.83999999999997
13.0,997.0,920.48,2124.16,1982.77,-141.38999999999987,141.38999999999987
6.0,222.08,709.07,1031.34,890.44,-140.89999999999986,140.89999999999986
13.0,658.0,559.48,1573.12,1436.25,-136.8699999999999,136.8699999999999
2.0,565.0,389.49,415.96,552.11,136.15000000000003,136.15000000000003
8.0,829.0,1147.89,2004.34,1868.67,-135.66999999999985,135.66999999999985
14.0,94.0,105.94,1180.63,1046.06,-134.57000000000016,134.57000000000016
1.0,1115.0,926.13,1192.88,1059.24,-133.6400000000001,133.6400000000001
8.0,936.0,556.28,1277.26,1404.97,127.71000000000004,127.71000000000004
7.0,1168.0,667.94,1639.55,1512.43,-127.11999999999989,127.11999999999989
9.0,633.0,888.17,1384.78,1511.24,126.46000000000004,126.46000000000004
12.0,931.0,864.21,1663.58,1789.14,125.56000000000017,125.56000000000017
7.0,309.0,1021.75,1309.85,1434.17,124.32000000000016,124.32000000000016
1.0,1122.0,861.5,1081.05,957.2,-123.84999999999991,123.84999999999991
4.0,380.0,446.66,764.24,641.84,-122.39999999999998,122.39999999999998
9.0,896.0,1398.54,1727.1,1848.64,121.54000000000019,121.54000000000019
7.0,901.0,136.8,1222.6,1101.97,-120.62999999999988,120.62999999999988
5.0,840.0,941.55,1676.48,1556.55,-119.93000000000006,119.93000000000006
9.0,913.0,1021.29,1964.86,1845.11,-119.75,119.75
14.0,999.0,619.42,1510.57,1630.02,119.45000000000005,119.45000000000005
9.0,1155.0,1346.4,2248.12,2129.77,-118.34999999999991,118.34999999999991
14.0,487.0,579.29,1516.68,1399.1,-117.58000000000015,117.58000000000015
8.0,488.0,439.7,1030.13,913.81,-116.32000000000016,116.32000000000016
4.0,725.0,588.9,1097.95,981.75,-116.20000000000005,116.20000000000005
1.0,1092.0,390.55,589.11,473.05,-116.06,116.06
4.0,305.0,125.79,664.43,548.45,-115.9799999999999,115.9799999999999
7.0,948.0,657.17,1578.97,1464.54,-114.43000000000006,114.43000000000006
14.0,383.0,97.95,1203.93,1089.57,-114.36000000000013,114.36000000000013
11.0,1095.0,1071.83,2159.33,2045.4,-113.92999999999984,113.92999999999984
8.0,403.0,654.97,895.14,1007.06,111.91999999999996,111.91999999999996
4.0,10.0,1262.73,1261.41,1149.94,-111.47000000000003,111.47000000000003
5.0,831.0,432.8,901.36,1012.56,111.19999999999993,111.19999999999993
11.0,816.0,544.99,1077.12,1188.07,110.95000000000005,110.95000000000005
14.0,777.0,1248.61,1837.25,1948.12,110.86999999999989,110.86999999999989
7.0,1033.0,1013.03,2119.83,2009.48,-110.34999999999991,110.34999999999991
14.0,1020.0,510.33,1406.95,1517.0,110.04999999999995,110.04999999999995
11.0,496.0,373.98,1152.99,1044.04,-108.95000000000005,108.95000000000005
7.0,981.0,658.85,1351.69,1460.28,108.58999999999992,108.58999999999992
2.0,521.0,467.19,667.85,560.63,-107.22000000000003,107.22000000000003
8.0,1173.0,671.25,1419.34,1525.8,106.46000000000004,106.46000000000004
9.0,52.0,350.58,601.81,708.1,106.29000000000008,106.29000000000008
3.0,127.0,293.49,303.2,408.45,105.25,105.25
7.0,568.0,159.12,738.92,843.01,104.09000000000003,104.09000000000003
7.0,1089.0,1026.25,2132.85,2029.0,-103.84999999999991,103.84999999999991
10.0,625.0,519.94,1229.41,1126.28,-103.13000000000011,103.13000000000011
8.0,266.87,252.08,880.41,777.58,-102.82999999999993,102.82999999999993
1.0,992.0,958.87,1222.41,1119.65,-102.75999999999999,102.75999999999999
3.0,1074.0,247.32,636.02,738.73,102.71000000000004,102.71000000000004
11.0,437.0,1053.24,1630.47,1529.74,-100.73000000000002,100.73000000000002
5.0,733.0,41.18,771.83,872.31,100.4799999999999,100.4799999999999
14.0,296.0,485.68,924.9,1023.6,98.70000000000005,98.70000000000005
7.0,803.0,12.75,1146.78,1048.47,-98.30999999999995,98.30999999999995
6.0,818.0,1130.38,1704.06,1801.84,97.77999999999997,97.77999999999997
13.0,19.0,807.27,1331.53,1235.15,-96.37999999999988,96.37999999999988
7.0,709.0,320.8,1116.62,1021.28,-95.33999999999992,95.33999999999992
5.0,751.0,407.43,1063.46,968.26,-95.20000000000005,95.20000000000005
14.0,1015.0,871.76,1846.41,1941.53,95.11999999999989,95.11999999999989
11.0,1004.0,167.15,1175.65,1270.48,94.82999999999993,94.82999999999993
4.0,730.0,799.25,1250.66,1156.6,-94.06000000000017,94.06000000000017
10.0,831.0,39.86,982.64,1076.42,93.78000000000009,93.78000000000009
8.0,630.0,967.69,1388.05,1481.75,93.70000000000005,93.70000000000005
5.0,104.0,281.67,464.68,558.36,93.68,93.68
13.0,889.0,232.72,1394.38,1300.81,-93.57000000000016,93.57000000000016
11.0,927.0,1306.37,1804.68,1898.16,93.48000000000002,93.48000000000002
2.0,1175.0,816.2,1237.62,1144.32,-93.29999999999995,93.29999999999995
14.0,1138.0,518.18,1696.86,1603.93,-92.92999999999984,92.92999999999984
11.0,772.0,932.31,1575.52,1667.99,92.47000000000003,92.47000000000003
11.0,859.0,146.71,1267.98,1175.53,-92.45000000000005,92.45000000000005
2.0,1189.0,1164.74,1666.52,1574.44,-92.07999999999993,92.07999999999993
13.0,1062.0,869.28,2090.54,1998.47,-92.06999999999994,92.06999999999994
3.0,892.0,171.32,875.39,784.4,-90.99000000000001,90.99000000000001
8.0,1182.0,990.07,1840.75,1931.63,90.88000000000011,90.88000000000011
8.0,302.24,1046.04,1353.77,1444.56,90.78999999999996,90.78999999999996
10.0,783.0,158.93,993.55,1084.23,90.68000000000006,90.68000000000006
10.0,5.0,1094.06,1361.08,1451.25,90.17000000000007,90.17000000000007
3.0,121.0,21.17,464.07,373.9,-90.17000000000002,90.17000000000002
12.0,104.0,1300.05,1779.92,1691.0,-88.92000000000007,88.92000000000007
9.0,524.0,136.46,848.89,937.65,88.75999999999999,88.75999999999999
5.0,794.0,511.0,1139.94,1051.2,-88.74000000000001,88.74000000000001
5.0,126.44,696.14,845.35,756.62,-88.73000000000002,88.73000000000002
7.0,951.0,584.4,1253.76,1341.68,87.92000000000007,87.92000000000007
6.0,383.0,462.79,800.3,888.21,87.91000000000008,87.91000000000008
3.0,771.0,725.67,1166.93,1079.15,-87.77999999999997,87.77999999999997
12.0,765.0,1343.97,1953.03,1865.38,-87.64999999999986,87.64999999999986
5.0,14.0,78.33,406.7,493.86,87.16000000000003,87.16000000000003
8.0,372.0,348.37,950.24,863.69,-86.54999999999995,86.54999999999995
7.0,817.0,1127.87,1809.91,1896.42,86.50999999999999,86.50999999999999
5.0,1143.0,1217.72,1745.09,1659.06,-86.02999999999997,86.02999999999997
11.0,684.0,672.51,1487.93,1401.98,-85.95000000000005,85.95000000000005
11.0,448.0,732.79,1090.35,1175.19,84.84000000000015,84.84000000000015
1.0,467.0,296.49,221.23,305.46,84.22999999999999,84.22999999999999
9.0,938.0,742.17,1632.1,1548.84,-83.25999999999999,83.25999999999999
10.0,895.0,937.46,1714.8,1797.75,82.95000000000005,82.95000000000005
6.0,909.0,1332.18,1720.21,1802.27,82.05999999999995,82.05999999999995
2.0,782.17,830.72,1165.44,1083.64,-81.79999999999995,81.79999999999995
12.0,59.0,858.62,1377.35,1295.56,-81.78999999999996,81.78999999999996
5.0,96.0,1105.47,1312.16,1230.84,-81.32000000000016,81.32000000000016
1.0,263.0,396.49,198.42,278.85,80.43000000000004,80.43000000000004
10.0,1026.0,828.82,1865.67,1785.34,-80.33000000000015,80.33000000000015
3.0,1158.0,1107.4,1361.3,1441.22,79.92000000000007,79.92000000000007
11.0,955.0,1282.19,2000.42,1921.2,-79.22000000000003,79.22000000000003
5.0,261.0,464.94,621.12,700.2,79.08000000000004,79.08000000000004
13.0,63.0,107.92,710.25,789.13,78.88,78.88
10.0,1192.0,23.47,1157.87,1236.67,78.80000000000018,78.80000000000018
5.0,764.0,848.75,1468.46,1390.05,-78.41000000000008,78.41000000000008
13.0,1167.0,1074.36,2197.33,2119.19,-78.13999999999987,78.13999999999987
6.0,597.0,888.84,1395.65,1317.57,-78.08000000000015,78.08000000000015
5.0,1050.0,882.86,1430.04,1507.66,77.62000000000012,77.62000000000012
8.0,801.0,1241.21,1780.65,1704.27,-76.38000000000011,76.38000000000011
5.0,567.0,193.11,718.3,794.54,76.24000000000001,76.24000000000001
2.0,762.0,519.74,752.69,676.6,-76.09000000000003,76.09000000000003
9.0,238.0,1197.83,1560.78,1484.77,-76.00999999999999,76.00999999999999
7.0,83.0,137.84,482.65,558.62,75.97000000000003,75.97000000000003
11.0,1149.0,270.81,1284.51,1360.37,75.8599999999999,75.8599999999999
3.0,224.0,358.77,406.36,482.02,75.65999999999997,75.65999999999997
9.0,868.0,62.12,1022.81,1098.27,75.46000000000004,75.46000000000004
12.0,1065.0,203.2,1408.25,1332.93,-75.31999999999994,75.31999999999994
13.0,1199.0,493.0,1634.13,1558.84,-75.29000000000019,75.29000000000019
9.0,597.0,625.99,990.84,1065.98,75.13999999999999,75.13999999999999
4.0,420.0,927.74,1238.04,1163.01,-75.02999999999997,75.02999999999997
5.0,595.0,863.93,1231.67,1306.67,75.0,75.0
13.0,774.0,206.45,1110.0,1184.69,74.69000000000005,74.69000000000005
14.0,805.0,834.06,1683.49,1757.98,74.49000000000001,74.49000000000001
1.0,1060.0,501.67,658.14,584.12,-74.01999999999998,74.01999999999998
7.0,316.0,141.89,837.8,763.89,-73.90999999999997,73.90999999999997
13.0,8.0,78.44,713.71,787.57,73.86000000000001,73.86000000000001
12.0,49.0,1118.38,1494.81,1568.5,73.69000000000005,73.69000000000005
6.0,436.0,914.53,1389.11,1315.51,-73.59999999999991,73.59999999999991
6.0,370.0,315.09,946.39,873.13,-73.25999999999999,73.25999999999999
5.0,781.0,672.91,1125.36,1198.57,73.21000000000004,73.21000000000004
13.0,1054.0,1131.25,2162.03,2088.92,-73.11000000000013,73.11000000000013
14.0,1100.0,237.69,1265.57,1338.02,72.45000000000005,72.45000000000005
13.0,11.0,1114.96,1555.48,1626.8,71.31999999999994,71.31999999999994
1.0,58.0,5.86,117.24,188.03,70.79,70.79
8.0,1005.0,1391.37,1987.39,1916.83,-70.56000000000017,70.56000000000017
3.0,196.0,1211.68,1229.87,1300.1,70.23000000000002,70.23000000000002
9.0,602.0,186.69,1085.4,1015.51,-69.8900000000001,69.8900000000001
1.0,55.0,3.6,126.06,195.94,69.88,69.88
1.0,993.0,1143.58,1328.85,1259.08,-69.76999999999998,69.76999999999998
6.0,170.0,476.99,600.23,669.45,69.22000000000003,69.22000000000003
5.0,1076.0,190.33,879.65,948.66,69.00999999999999,69.00999999999999
8.0,891.0,1194.36,2016.46,1947.6,-68.86000000000013,68.86000000000013
9.0,686.0,145.66,972.95,1041.07,68.11999999999989,68.11999999999989
1.0,931.0,327.97,609.73,541.93,-67.80000000000007,67.80000000000007
12.0,710.0,1249.41,1921.09,1853.31,-67.77999999999997,67.77999999999997
9.0,800.0,39.96,1158.68,1090.91,-67.76999999999998,67.76999999999998
3.0,278.0,994.9,1167.78,1100.22,-67.55999999999995,67.55999999999995
5.0,811.0,952.39,1608.6,1541.15,-67.44999999999982,67.44999999999982
1.0,759.0,330.29,500.92,568.02,67.09999999999997,67.09999999999997
1.0,532.0,413.99,355.57,422.63,67.06,67.06
12.0,218.0,486.02,1005.67,939.02,-66.64999999999998,66.64999999999998
5.0,955.0,106.86,897.78,964.21,66.43000000000006,66.43000000000006
5.0,716.0,1111.23,1492.08,1558.43,66.35000000000014,66.35000000000014
10.0,532.0,1223.36,1631.49,1697.76,66.26999999999998,66.26999999999998
5.0,966.0,359.51,927.98,994.19,66.21000000000004,66.21000000000004
3.0,182.0,347.82,384.77,450.95,66.18,66.18
12.0,657.0,322.5,1113.16,1179.01,65.84999999999991,65.84999999999991
4.0,1191.0,999.45,1478.93,1413.26,-65.67000000000007,65.67000000000007
8.0,1185.0,554.98,1545.67,1480.18,-65.49000000000001,65.49000000000001
10.0,224.0,407.51,794.7,860.09,65.38999999999999,65.38999999999999
12.0,781.0,1159.18,1752.72,1817.91,65.19000000000005,65.19000000000005
1.0,214.0,540.03,402.81,338.0,-64.81,64.81
3.0,158.0,1070.74,1183.16,1118.39,-64.76999999999998,64.76999999999998
3.0,399.0,141.39,546.04,481.37,-64.66999999999996,64.66999999999996
6.0,1044.0,47.46,1133.45,1069.27,-64.18000000000006,64.18000000000006
5.0,708.0,1129.52,1654.62,1590.52,-64.09999999999991,64.09999999999991
2.0,993.0,54.24,715.19,651.58,-63.610000000000014,63.610000000000014
4.0,184.0,983.77,1202.69,1139.28,-63.41000000000008,63.41000000000008
9.0,748.0,653.42,1249.66,1186.4,-63.25999999999999,63.25999999999999
11.0,741.0,1207.39,1878.06,1814.88,-63.179999999999836,63.179999999999836
5.0,477.0,655.24,935.38,998.37,62.99000000000001,62.99000000000001
3.0,1013.0,166.52,711.07,773.94,62.870000000000005,62.870000000000005
12.0,96.0,1164.37,1553.21,1615.5,62.289999999999964,62.289999999999964
2.0,13.0,4.67,203.52,265.62,62.099999999999994,62.099999999999994
5.0,691.0,1030.64,1465.26,1527.0,61.74000000000001,61.74000000000001
1.0,1035.0,1289.84,1317.33,1255.62,-61.710000000000036,61.710000000000036
11.0,447.0,130.07,852.02,913.49,61.47000000000003,61.47000000000003
7.0,753.0,358.13,1084.79,1023.51,-61.27999999999997,61.27999999999997
5.0,714.0,617.72,1164.2,1103.13,-61.069999999999936,61.069999999999936
14.0,545.0,1206.76,1977.89,1916.83,-61.06000000000017,61.06000000000017
8.0,276.28,1179.9,1522.6,1461.56,-61.039999999999964,61.039999999999964
5.0,230.0,333.69,538.36,598.53,60.16999999999996,60.16999999999996
6.0,522.0,1210.87,1577.01,1517.07,-59.940000000000055,59.940000000000055
2.0,91.0,1073.76,1013.78,1073.63,59.850000000000136,59.850000000000136
1.0,140.0,255.99,150.34,209.78,59.44,59.44
7.0,205.0,103.31,683.1,623.67,-59.430000000000064,59.430000000000064
11.0,293.0,285.14,966.87,907.77,-59.10000000000002,59.10000000000002
1.0,59.0,8.31,120.65,179.45,58.79999999999998,58.79999999999998
5.0,1126.0,664.9,1336.74,1278.02,-58.72000000000003,58.72000000000003
3.0,712.0,512.23,751.16,809.83,58.67000000000007,58.67000000000007
5.0,919.0,470.23,1119.17,1060.79,-58.38000000000011,58.38000000000011
7.0,671.0,1262.85,1600.42,1658.73,58.309999999999945,58.309999999999945
5.0,414.0,967.0,1368.94,1310.76,-58.180000000000064,58.180000000000064
2.0,21.0,20.04,204.58,262.65,58.069999999999965,58.069999999999965
14.0,81.0,1251.97,1682.62,1740.24,57.62000000000012,57.62000000000012
3.0,621.0,214.08,779.66,722.04,-57.620000000000005,57.620000000000005
3.0,981.0,341.45,813.95,756.48,-57.47000000000003,57.47000000000003
10.0,955.0,1182.33,1950.3,1893.23,-57.069999999999936,57.069999999999936
14.0,1153.0,346.58,1292.93,1349.91,56.98000000000002,56.98000000000002
8.0,392.0,661.27,978.13,1035.03,56.89999999999998,56.89999999999998
9.0,963.0,588.5,1434.42,1377.61,-56.81000000000017,56.81000000000017
5.0,332.0,218.03,801.73,744.99,-56.74000000000001,56.74000000000001
6.0,924.0,1227.21,1871.76,1815.32,-56.440000000000055,56.440000000000055
12.0,1007.0,1353.77,1925.32,1981.48,56.16000000000008,56.16000000000008
9.0,816.0,1171.81,1780.58,1724.48,-56.09999999999991,56.09999999999991
8.0,16.0,259.02,543.56,599.65,56.09000000000003,56.09000000000003
12.0,757.0,897.4,1780.07,1724.02,-56.049999999999955,56.049999999999955
3.0,1061.15,388.5,693.36,749.27,55.90999999999997,55.90999999999997
11.0,322.0,1251.3,1732.46,1676.6,-55.86000000000013,55.86000000000013
10.0,1145.0,311.43,1366.61,1310.84,-55.76999999999998,55.76999999999998
9.0,259.96,554.74,835.54,891.23,55.690000000000055,55.690000000000055
9.0,989.0,378.12,1193.72,1249.39,55.67000000000007,55.67000000000007
8.0,80.0,1092.18,1365.73,1421.27,55.539999999999964,55.539999999999964
10.0,424.0,474.99,831.96,887.13,55.16999999999996,55.16999999999996
3.0,98.0,871.46,866.05,920.78,54.73000000000002,54.73000000000002
5.0,1028.0,653.19,1313.95,1260.04,-53.91000000000008,53.91000000000008
3.0,1136.0,1296.54,1536.6,1482.72,-53.87999999999988,53.87999999999988
14.0,767.0,186.47,1292.77,1238.94,-53.82999999999993,53.82999999999993
8.0,1134.0,1049.84,2073.13,2019.46,-53.67000000000007,53.67000000000007
10.0,498.0,992.86,1395.03,1448.69,53.66000000000008,53.66000000000008
1.0,620.0,490.45,678.74,625.17,-53.57000000000005,53.57000000000005
4.0,6.0,458.7,459.21,512.52,53.31,53.31
13.0,360.0,271.93,1017.64,964.46,-53.17999999999995,53.17999999999995
1.0,252.75,285.5,331.74,278.85,-52.889999999999986,52.889999999999986
7.0,194.0,202.49,686.23,633.46,-52.76999999999998,52.76999999999998
1.0,303.0,931.53,857.42,909.73,52.31000000000006,52.31000000000006
12.0,947.0,193.05,1225.63,1277.92,52.289999999999964,52.289999999999964
8.0,264.94,720.67,1019.85,1071.9,52.05000000000007,52.05000000000007
5.0,467.0,1243.31,1549.82,1497.9,-51.919999999999845,51.919999999999845
2.0,752.0,958.29,1144.41,1196.14,51.73000000000002,51.73000000000002
5.0,629.0,484.34,1029.87,978.41,-51.45999999999992,51.45999999999992
11.0,265.0,218.66,949.34,897.98,-51.360000000000014,51.360000000000014
1.0,780.0,366.37,516.69,568.02,51.32999999999993,51.32999999999993
12.0,452.0,816.56,1243.1,1293.89,50.79000000000019,50.79000000000019
13.0,837.0,1218.93,1921.68,1972.1,50.419999999999845,50.419999999999845
5.0,679.0,476.08,1030.41,980.4,-50.010000000000105,50.010000000000105
10.0,5.0,836.86,1116.56,1166.13,49.570000000000164,49.570000000000164
3.0,1317.07,476.87,787.42,836.97,49.55000000000007,49.55000000000007
5.0,66.13,848.03,1050.25,1001.54,-48.710000000000036,48.710000000000036
6.0,333.0,1254.68,1585.02,1536.72,-48.299999999999955,48.299999999999955
5.0,392.0,1264.6,1465.72,1513.97,48.25,48.25
1.0,359.62,221.15,255.57,303.81,48.24000000000001,48.24000000000001
7.0,789.0,185.73,966.26,1014.46,48.200000000000045,48.200000000000045
9.0,576.0,1059.79,1547.5,1595.66,48.16000000000008,48.16000000000008
10.0,223.0,745.89,1037.45,1085.36,47.909999999999854,47.909999999999854
1.0,47.0,17.97,128.91,176.77,47.860000000000014,47.860000000000014
9.0,483.0,52.64,949.04,901.19,-47.84999999999991,47.84999999999991
8.0,978.0,710.43,1624.58,1576.78,-47.799999999999955,47.799999999999955
9.0,1102.0,540.6,1455.85,1408.1,-47.75,47.75
12.0,33.0,1249.13,1707.38,1659.7,-47.680000000000064,47.680000000000064
9.0,1080.0,539.51,1306.91,1354.46,47.549999999999955,47.549999999999955
3.0,186.0,1068.31,1152.04,1104.89,-47.149999999999864,47.149999999999864
5.0,351.0,407.74,883.11,836.13,-46.98000000000002,46.98000000000002
2.0,713.0,740.33,1048.28,1001.47,-46.809999999999945,46.809999999999945
11.0,273.0,502.37,862.61,909.24,46.629999999999995,46.629999999999995
9.0,524.0,474.75,935.4,981.9,46.5,46.5
12.0,211.0,749.56,1285.23,1239.2,-46.02999999999997,46.02999999999997
2.0,730.0,285.24,624.78,670.58,45.80000000000007,45.80000000000007
12.0,121.0,608.92,1033.44,1079.13,45.690000000000055,45.690000000000055
12.0,211.0,1048.29,1579.73,1534.24,-45.49000000000001,45.49000000000001
8.0,638.0,1007.48,1483.06,1528.54,45.48000000000002,45.48000000000002
5.0,117.0,953.06,1116.8,1162.15,45.350000000000136,45.350000000000136
7.0,237.33,1262.27,1452.17,1497.38,45.210000000000036,45.210000000000036
1.0,547.0,573.6,616.27,571.17,-45.10000000000002,45.10000000000002
14.0,457.0,848.61,1492.64,1447.58,-45.06000000000017,45.06000000000017
6.0,840.0,870.82,1496.46,1541.49,45.02999999999997,45.02999999999997
11.0,176.0,1050.67,1444.13,1488.99,44.8599999999999,44.8599999999999
3.0,200.0,58.24,494.63,449.93,-44.69999999999999,44.69999999999999
7.0,671.0,1297.02,1703.2,1658.73,-44.47000000000003,44.47000000000003
12.0,1070.0,1055.51,2030.76,1986.58,-44.180000000000064,44.180000000000064
8.0,161.15,1230.37,1499.24,1455.29,-43.950000000000045,43.950000000000045
13.0,694.0,1054.31,1815.02,1858.68,43.66000000000008,43.66000000000008
6.0,577.0,897.74,1257.31,1300.95,43.6400000000001,43.6400000000001
6.0,855.0,591.35,1339.72,1296.14,-43.57999999999993,43.57999999999993
3.0,874.0,1191.4,1515.99,1472.48,-43.50999999999999,43.50999999999999
13.0,235.0,426.07,897.26,940.68,43.41999999999996,43.41999999999996
12.0,466.0,1291.33,1770.37,1727.31,-43.059999999999945,43.059999999999945
3.0,842.0,865.37,1251.14,1208.38,-42.75999999999999,42.75999999999999
8.0,323.0,46.48,703.45,746.06,42.6099999999999,42.6099999999999
3.0,1166.0,530.44,785.59,827.72,42.129999999999995,42.129999999999995
2.0,875.0,393.25,640.56,682.43,41.870000000000005,41.870000000000005
6.0,803.0,465.6,1012.0,1053.7,41.700000000000045,41.700000000000045
14.0,127.0,988.4,1688.9,1647.39,-41.50999999999999,41.50999999999999
3.0,269.0,708.05,799.12,757.69,-41.42999999999995,41.42999999999995
5.0,908.0,716.7,1375.88,1334.48,-41.40000000000009,41.40000000000009
4.0,205.0,545.57,682.22,640.96,-41.25999999999999,41.25999999999999
8.0,75.0,315.71,593.83,635.06,41.229999999999905,41.229999999999905
1.0,979.0,1292.54,1313.53,1272.32,-41.210000000000036,41.210000000000036
12.0,180.0,384.42,873.97,915.07,41.10000000000002,41.10000000000002
12.0,10.0,1203.1,1564.9,1605.97,41.069999999999936,41.069999999999936
3.0,1096.0,200.27,802.96,762.03,-40.930000000000064,40.930000000000064
8.0,836.0,735.52,1606.63,1565.78,-40.850000000000136,40.850000000000136
3.0,1025.03,592.55,992.4,951.61,-40.789999999999964,40.789999999999964
14.0,68.0,438.96,866.76,907.5,40.74000000000001,40.74000000000001
2.0,719.0,591.44,755.3,795.96,40.66000000000008,40.66000000000008
8.0,1142.0,776.74,1827.44,1787.18,-40.25999999999999,40.25999999999999
12.0,128.0,477.17,874.99,915.07,40.08000000000004,40.08000000000004
4.0,231.0,20.39,499.26,459.19,-40.06999999999999,40.06999999999999
12.0,1135.0,475.95,1447.39,1407.54,-39.850000000000136,39.850000000000136
10.0,314.0,1098.8,1539.1,1499.32,-39.77999999999997,39.77999999999997
5.0,685.0,747.14,1216.36,1255.98,39.62000000000012,39.62000000000012
3.0,275.0,543.74,572.73,612.29,39.559999999999945,39.559999999999945
6.0,690.0,1009.37,1559.83,1599.31,39.48000000000002,39.48000000000002
5.0,367.0,290.78,742.25,781.48,39.23000000000002,39.23000000000002
6.0,1006.0,1219.71,1803.97,1842.86,38.88999999999987,38.88999999999987
13.0,36.0,808.38,1190.16,1228.99,38.82999999999993,38.82999999999993
14.0,124.0,1064.64,1761.68,1723.07,-38.61000000000013,38.61000000000013
4.0,627.0,956.98,1337.63,1299.15,-38.48000000000002,38.48000000000002
11.0,458.0,1364.29,1649.04,1687.2,38.16000000000008,38.16000000000008
9.0,463.0,1024.53,1476.48,1438.41,-38.069999999999936,38.069999999999936
12.0,296.0,326.83,981.72,943.96,-37.75999999999999,37.75999999999999
2.0,753.0,1111.16,1353.87,1391.49,37.62000000000012,37.62000000000012
11.0,886.0,922.66,1852.24,1814.71,-37.52999999999997,37.52999999999997
2.0,500.0,1246.48,1264.53,1302.06,37.52999999999997,37.52999999999997
4.0,724.0,89.99,667.98,705.44,37.460000000000036,37.460000000000036
6.0,233.7,346.98,648.57,686.03,37.45999999999992,37.45999999999992
8.0,221.0,936.98,1287.0,1324.39,37.3900000000001,37.3900000000001
2.0,222.0,456.24,437.4,400.56,-36.839999999999975,36.839999999999975
5.0,324.0,128.94,686.54,723.16,36.620000000000005,36.620000000000005
4.0,18.0,289.06,380.88,417.46,36.579999999999984,36.579999999999984
1.0,292.0,449.83,363.02,326.85,-36.16999999999996,36.16999999999996
7.0,636.0,697.02,1276.06,1311.61,35.549999999999955,35.549999999999955
5.0,948.0,898.6,1499.68,1535.12,35.43999999999983,35.43999999999983
2.0,851.68,473.96,650.68,685.54,34.860000000000014,34.860000000000014
9.0,332.35,374.61,830.45,865.18,34.729999999999905,34.729999999999905
8.0,633.0,1308.36,1639.12,1604.52,-34.59999999999991,34.59999999999991
4.0,1202.0,1074.87,1501.24,1466.79,-34.450000000000045,34.450000000000045
9.0,1182.0,1342.24,2164.15,2129.77,-34.38000000000011,34.38000000000011
13.0,608.0,370.89,1170.54,1204.88,34.340000000000146,34.340000000000146
11.0,960.0,383.64,1248.46,1282.71,34.25,34.25
3.0,80.0,517.54,457.49,491.41,33.920000000000016,33.920000000000016
3.0,41.0,4.52,320.12,353.87,33.75,33.75
1.0,797.0,126.8,543.18,576.61,33.430000000000064,33.430000000000064
8.0,413.0,222.83,802.95,836.34,33.389999999999986,33.389999999999986
3.0,289.0,1245.67,1279.31,1312.68,33.37000000000012,33.37000000000012
1.0,85.0,89.83,175.53,208.8,33.27000000000001,33.27000000000001
8.0,1090.0,419.76,1189.47,1222.34,32.86999999999989,32.86999999999989
5.0,765.0,480.48,1038.42,1006.67,-31.750000000000114,31.750000000000114
8.0,435.0,1129.65,1525.26,1493.57,-31.690000000000055,31.690000000000055
5.0,579.0,1018.52,1468.01,1436.44,-31.569999999999936,31.569999999999936
14.0,269.0,1349.61,1832.34,1800.78,-31.559999999999945,31.559999999999945
5.0,654.0,1272.89,1724.68,1693.17,-31.50999999999999,31.50999999999999
4.0,932.0,1287.34,1513.28,1544.53,31.25,31.25
14.0,600.0,1120.05,1847.84,1878.73,30.8900000000001,30.8900000000001
11.0,920.0,1338.65,1871.27,1902.13,30.860000000000127,30.860000000000127
5.0,592.0,433.75,869.0,899.7,30.700000000000045,30.700000000000045
9.0,218.0,1203.45,1561.63,1530.99,-30.6400000000001,30.6400000000001
4.0,477.0,18.97,631.5,600.89,-30.610000000000014,30.610000000000014
10.0,57.0,936.89,1237.07,1267.62,30.549999999999955,30.549999999999955
9.0,397.0,348.49,913.29,882.74,-30.549999999999955,30.549999999999955
6.0,628.0,311.47,903.3,933.68,30.379999999999995,30.379999999999995
1.0,388.0,390.7,332.06,301.7,-30.360000000000014,30.360000000000014
3.0,718.0,1158.02,1416.98,1447.2,30.220000000000027,30.220000000000027
3.0,870.0,413.23,795.8,765.66,-30.139999999999986,30.139999999999986
6.0,420.0,386.77,929.16,899.07,-30.089999999999918,30.089999999999918
5.0,770.0,873.33,1502.49,1473.04,-29.450000000000045,29.450000000000045
2.0,89.0,13.85,234.2,263.5,29.30000000000001,29.30000000000001
12.0,1003.0,983.23,1996.18,1967.02,-29.160000000000082,29.160000000000082
5.0,446.0,219.98,788.62,817.45,28.83000000000004,28.83000000000004
1.0,181.0,128.05,225.12,253.79,28.669999999999987,28.669999999999987
3.0,1027.0,180.0,804.96,776.65,-28.31000000000006,28.31000000000006
2.0,147.0,17.43,325.56,297.28,-28.28000000000003,28.28000000000003
9.0,444.0,725.31,1062.52,1034.24,-28.279999999999973,28.279999999999973
1.0,909.0,741.82,866.07,894.31,28.239999999999895,28.239999999999895
6.0,373.0,587.38,956.61,984.77,28.159999999999968,28.159999999999968
7.0,748.0,241.73,971.31,999.46,28.15000000000009,28.15000000000009
5.0,406.0,1084.16,1399.39,1371.28,-28.110000000000127,28.110000000000127
8.0,207.0,1146.93,1479.01,1450.94,-28.069999999999936,28.069999999999936
5.0,831.0,591.65,1090.31,1118.23,27.920000000000073,27.920000000000073
10.0,5.0,1338.9,1610.25,1582.38,-27.86999999999989,27.86999999999989
8.0,945.0,766.98,1625.53,1653.35,27.819999999999936,27.819999999999936
12.0,1077.0,32.55,1387.43,1360.01,-27.420000000000073,27.420000000000073
3.0,175.0,440.19,431.17,458.58,27.409999999999968,27.409999999999968
9.0,310.69,239.64,828.16,855.39,27.230000000000018,27.230000000000018
8.0,177.0,486.06,751.58,724.36,-27.220000000000027,27.220000000000027
5.0,517.0,919.25,1288.31,1261.18,-27.12999999999988,27.12999999999988
8.0,1166.0,99.47,1149.07,1122.0,-27.069999999999936,27.069999999999936
4.0,1075.0,586.17,1023.65,996.6,-27.049999999999955,27.049999999999955
6.0,378.0,837.63,1215.96,1189.01,-26.950000000000045,26.950000000000045
12.0,1139.0,124.65,1314.3,1341.21,26.910000000000082,26.910000000000082
1.0,754.0,1220.47,1346.14,1319.3,-26.840000000000146,26.840000000000146
7.0,738.0,730.28,1429.72,1402.88,-26.839999999999918,26.839999999999918
5.0,285.0,974.73,1282.84,1256.25,-26.589999999999918,26.589999999999918
12.0,893.0,910.41,1862.13,1835.57,-26.560000000000173,26.560000000000173
9.0,482.0,1348.44,1633.26,1607.04,-26.220000000000027,26.220000000000027
10.0,223.0,886.32,1305.54,1279.56,-25.980000000000018,25.980000000000018
3.0,375.0,1346.21,1339.93,1365.84,25.909999999999854,25.909999999999854
4.0,840.0,1375.42,1580.95,1555.5,-25.450000000000045,25.450000000000045
9.0,592.0,793.55,1235.69,1261.02,25.329999999999927,25.329999999999927
10.0,472.0,431.95,924.65,899.36,-25.289999999999964,25.289999999999964
9.0,51.0,314.81,704.94,730.21,25.269999999999982,25.269999999999982
12.0,218.0,901.03,1371.86,1397.05,25.190000000000055,25.190000000000055
3.0,70.0,631.88,564.16,589.19,25.030000000000086,25.030000000000086
6.0,45.0,81.59,522.58,547.33,24.75,24.75
10.0,164.0,1144.9,1516.43,1491.7,-24.730000000000018,24.730000000000018
3.0,795.0,450.85,743.94,768.47,24.529999999999973,24.529999999999973
7.0,868.0,625.09,1403.48,1427.61,24.12999999999988,24.12999999999988
9.0,934.0,415.5,1208.82,1232.87,24.049999999999955,24.049999999999955
3.0,289.0,853.79,969.85,945.9,-23.950000000000045,23.950000000000045
12.0,85.0,1056.43,1466.31,1490.06,23.75,23.75
10.0,87.0,498.96,781.97,805.68,23.709999999999923,23.709999999999923
10.0,273.0,799.9,1155.05,1131.35,-23.700000000000045,23.700000000000045
8.0,297.64,481.09,835.08,858.72,23.639999999999986,23.639999999999986
8.0,610.0,208.29,841.27,864.89,23.620000000000005,23.620000000000005
10.0,621.0,978.73,1656.28,1632.74,-23.539999999999964,23.539999999999964
11.0,327.0,961.08,1356.46,1379.78,23.319999999999936,23.319999999999936
6.0,84.0,852.7,1109.32,1086.12,-23.200000000000045,23.200000000000045
1.0,211.0,958.08,891.9,915.08,23.180000000000064,23.180000000000064
4.0,166.0,791.52,866.18,843.03,-23.149999999999977,23.149999999999977
9.0,578.0,1167.71,1587.21,1610.33,23.11999999999989,23.11999999999989
3.0,1020.39,250.62,779.08,756.07,-23.00999999999999,23.00999999999999
5.0,116.0,478.1,624.04,646.84,22.800000000000068,22.800000000000068
6.0,957.0,727.75,1448.72,1471.35,22.62999999999988,22.62999999999988
3.0,504.0,63.39,568.17,590.65,22.480000000000018,22.480000000000018
3.0,624.0,1160.92,1459.34,1436.93,-22.409999999999854,22.409999999999854
1.0,620.0,973.91,1112.02,1090.14,-21.87999999999988,21.87999999999988
2.0,547.0,119.09,509.52,531.39,21.870000000000005,21.870000000000005
10.0,377.0,301.96,837.36,859.2,21.840000000000032,21.840000000000032
12.0,437.0,639.96,1183.74,1205.33,21.589999999999918,21.589999999999918
8.0,415.0,1214.97,1473.75,1495.17,21.420000000000073,21.420000000000073
3.0,154.0,274.04,406.91,428.22,21.310000000000002,21.310000000000002
7.0,344.0,1242.05,1514.4,1535.67,21.269999999999982,21.269999999999982
5.0,125.0,96.38,570.99,549.76,-21.230000000000018,21.230000000000018
9.0,368.0,495.12,847.33,868.54,21.209999999999923,21.209999999999923
1.0,133.0,8.34,179.06,200.25,21.189999999999998,21.189999999999998
1.0,264.39,758.27,636.19,615.12,-21.07000000000005,21.07000000000005
2.0,623.18,347.54,625.15,645.95,20.800000000000068,20.800000000000068
2.0,1139.0,306.43,726.14,705.5,-20.639999999999986,20.639999999999986
5.0,728.0,423.16,947.72,968.26,20.539999999999964,20.539999999999964
14.0,512.0,526.84,1306.64,1327.11,20.4699999999998,20.4699999999998
6.0,471.0,332.51,872.19,892.65,20.459999999999923,20.459999999999923
9.0,118.0,1285.82,1539.77,1560.05,20.279999999999973,20.279999999999973
13.0,799.0,951.92,1793.36,1813.5,20.1400000000001,20.1400000000001
1.0,309.0,1211.37,1110.55,1130.68,20.13000000000011,20.13000000000011
4.0,199.0,1310.01,1400.57,1420.64,20.070000000000164,20.070000000000164
11.0,332.0,1352.48,1663.39,1683.46,20.069999999999936,20.069999999999936
1.0,601.0,497.7,644.12,624.54,-19.58000000000004,19.58000000000004
3.0,307.0,266.21,540.97,521.44,-19.529999999999973,19.529999999999973
14.0,555.0,313.73,1201.26,1182.15,-19.1099999999999,19.1099999999999
4.0,675.0,381.48,779.68,798.54,18.860000000000014,18.860000000000014
6.0,425.0,709.75,1114.9,1096.06,-18.840000000000146,18.840000000000146
1.0,76.0,13.74,158.35,176.77,18.420000000000016,18.420000000000016
14.0,174.0,815.3,1295.14,1313.47,18.329999999999927,18.329999999999927
7.0,1054.0,576.47,1344.18,1362.41,18.230000000000018,18.230000000000018
8.0,544.0,1279.51,1483.77,1501.85,18.079999999999927,18.079999999999927
1.0,257.97,816.81,738.01,720.13,-17.879999999999995,17.879999999999995
8.0,626.0,545.84,1142.89,1160.17,17.279999999999973,17.279999999999973
8.0,1009.0,1378.07,1903.76,1920.94,17.180000000000064,17.180000000000064
2.0,616.0,968.93,1163.1,1145.99,-17.1099999999999,17.1099999999999
5.0,291.0,1279.7,1477.12,1494.18,17.060000000000173,17.060000000000173
9.0,13.0,986.41,1271.52,1288.58,17.059999999999945,17.059999999999945
9.0,191.0,789.52,1058.5,1041.46,-17.039999999999964,17.039999999999964
3.0,280.0,1090.37,1256.92,1273.82,16.899999999999864,16.899999999999864
13.0,1204.0,24.47,1344.17,1360.86,16.689999999999827,16.689999999999827
1.0,276.85,485.54,361.66,345.13,-16.53000000000003,16.53000000000003
5.0,741.0,429.24,951.92,968.26,16.340000000000032,16.340000000000032
6.0,659.0,322.1,972.58,988.73,16.149999999999977,16.149999999999977
1.0,37.0,1397.17,1092.94,1076.81,-16.13000000000011,16.13000000000011
3.0,88.0,5.78,380.37,364.48,-15.889999999999986,15.889999999999986
1.0,815.0,97.89,539.36,555.24,15.879999999999995,15.879999999999995
3.0,606.0,1184.23,1364.54,1380.16,15.620000000000118,15.620000000000118
6.0,811.0,1252.04,1771.8,1787.39,15.590000000000146,15.590000000000146
3.0,471.0,288.19,535.67,551.0,15.330000000000041,15.330000000000041
6.0,344.0,233.31,800.18,784.98,-15.199999999999932,15.199999999999932
4.0,72.0,1367.29,1302.97,1318.12,15.149999999999864,15.149999999999864
13.0,756.0,954.4,1793.07,1807.96,14.8900000000001,14.8900000000001
3.0,117.0,21.99,359.1,373.9,14.799999999999955,14.799999999999955
3.0,93.0,1.42,364.51,379.16,14.650000000000034,14.650000000000034
8.0,467.0,1178.71,1483.33,1497.97,14.6400000000001,14.6400000000001
5.0,173.0,1337.9,1443.96,1429.36,-14.600000000000136,14.600000000000136
12.0,178.0,507.59,907.19,921.52,14.329999999999927,14.329999999999927
9.0,1078.0,161.85,1260.96,1275.21,14.25,14.25
10.0,631.0,1220.71,1730.86,1717.55,-13.309999999999945,13.309999999999945
7.0,150.0,1379.35,1500.09,1486.97,-13.11999999999989,13.11999999999989
7.0,368.0,1231.69,1550.04,1537.08,-12.960000000000036,12.960000000000036
4.0,842.0,893.25,1324.64,1311.72,-12.920000000000073,12.920000000000073
3.0,177.0,18.73,430.86,417.94,-12.920000000000016,12.920000000000016
2.0,543.0,103.37,544.12,531.39,-12.730000000000018,12.730000000000018
9.0,101.0,950.23,1281.64,1269.1,-12.540000000000191,12.540000000000191
9.0,194.34,1054.93,1374.9,1387.44,12.539999999999964,12.539999999999964
1.0,893.0,19.76,570.71,558.19,-12.519999999999982,12.519999999999982
9.0,708.0,461.07,1110.6,1098.08,-12.519999999999982,12.519999999999982
8.0,15.0,377.85,657.8,645.33,-12.469999999999914,12.469999999999914
5.0,716.0,1316.6,1686.98,1699.39,12.410000000000082,12.410000000000082
1.0,716.0,1396.41,1376.59,1364.46,-12.129999999999882,12.129999999999882
7.0,273.0,285.83,793.58,805.68,12.099999999999909,12.099999999999909
11.0,17.0,550.58,830.07,842.15,12.079999999999927,12.079999999999927
3.0,1007.56,187.52,764.64,776.65,12.009999999999991,12.009999999999991
7.0,125.0,193.62,616.24,604.26,-11.980000000000018,11.980000000000018
1.0,432.0,581.71,448.34,436.43,-11.909999999999968,11.909999999999968
7.0,624.0,148.16,905.79,894.12,-11.669999999999959,11.669999999999959
6.0,72.85,457.75,666.59,654.97,-11.620000000000005,11.620000000000005
2.0,202.0,21.24,356.17,344.64,-11.53000000000003,11.53000000000003
8.0,303.0,1072.44,1453.25,1441.72,-11.529999999999973,11.529999999999973
14.0,113.0,1091.13,1703.02,1714.54,11.519999999999982,11.519999999999982
2.0,1038.0,685.07,962.14,973.4,11.259999999999991,11.259999999999991
4.0,362.0,646.43,788.53,799.52,10.990000000000009,10.990000000000009
4.0,1100.0,370.61,860.32,849.4,-10.920000000000073,10.920000000000073
1.0,458.0,834.7,737.28,747.91,10.629999999999995,10.629999999999995
10.0,909.0,696.0,1505.19,1515.66,10.470000000000027,10.470000000000027
13.0,32.0,232.43,805.12,794.72,-10.399999999999977,10.399999999999977
9.0,97.85,518.56,850.57,860.56,9.989999999999895,9.989999999999895
12.0,307.0,957.17,1432.75,1442.57,9.819999999999936,9.819999999999936
12.0,333.0,1103.21,1618.13,1627.78,9.649999999999864,9.649999999999864
2.0,68.0,756.61,648.53,658.03,9.5,9.5
5.0,130.0,306.9,574.1,583.58,9.480000000000018,9.480000000000018
5.0,730.0,485.73,991.49,982.11,-9.379999999999995,9.379999999999995
6.0,135.34,1144.13,1478.11,1468.77,-9.339999999999918,9.339999999999918
13.0,70.0,993.7,1492.02,1501.33,9.309999999999945,9.309999999999945
8.0,1187.0,1045.91,2047.06,2056.24,9.179999999999836,9.179999999999836
10.0,728.0,226.53,1060.47,1069.57,9.099999999999909,9.099999999999909
3.0,859.12,611.07,960.47,951.43,-9.040000000000077,9.040000000000077
2.0,301.0,769.23,731.28,740.25,8.970000000000027,8.970000000000027
6.0,248.0,395.4,710.15,701.61,-8.539999999999964,8.539999999999964
4.0,1001.0,739.08,1116.31,1108.03,-8.279999999999973,8.279999999999973
4.0,11.0,312.01,426.22,418.07,-8.150000000000034,8.150000000000034
12.0,229.0,1216.16,1696.65,1704.62,7.9699999999998,7.9699999999998
4.0,1065.0,119.34,781.82,773.89,-7.930000000000064,7.930000000000064
11.0,398.0,723.39,1154.77,1162.46,7.690000000000055,7.690000000000055
4.0,159.0,568.58,647.0,654.63,7.6299999999999955,7.6299999999999955
14.0,49.0,954.02,1480.87,1488.35,7.480000000000018,7.480000000000018
1.0,288.72,159.26,303.94,296.5,-7.439999999999998,7.439999999999998
5.0,249.0,873.75,1185.24,1177.87,-7.370000000000118,7.370000000000118
9.0,14.0,1057.38,1372.31,1364.94,-7.369999999999891,7.369999999999891
5.0,57.0,559.05,639.73,646.91,7.17999999999995,7.17999999999995
1.0,606.0,923.0,1050.05,1042.91,-7.139999999999873,7.139999999999873
9.0,72.0,1281.32,1515.54,1522.31,6.769999999999982,6.769999999999982
5.0,247.0,296.51,594.93,601.24,6.310000000000059,6.310000000000059
10.0,64.0,455.9,774.64,780.66,6.019999999999982,6.019999999999982
5.0,865.0,644.79,1202.46,1208.43,5.970000000000027,5.970000000000027
7.0,1071.0,841.11,1699.9,1705.8,5.899999999999864,5.899999999999864
1.0,45.0,1070.22,922.69,916.83,-5.860000000000014,5.860000000000014
3.0,512.0,1251.6,1360.76,1366.55,5.789999999999964,5.789999999999964
11.0,650.0,524.8,1179.09,1173.32,-5.769999999999982,5.769999999999982
5.0,103.0,333.22,573.58,579.3,5.719999999999914,5.719999999999914
5.0,72.0,977.67,1156.55,1162.15,5.600000000000136,5.600000000000136
1.0,436.0,1358.14,1154.03,1159.55,5.519999999999982,5.519999999999982
5.0,477.0,704.42,1045.96,1051.36,5.399999999999864,5.399999999999864
1.0,452.0,275.05,282.89,277.52,-5.3700000000000045,5.3700000000000045
8.0,534.0,429.88,916.02,921.38,5.360000000000014,5.360000000000014
1.0,140.0,22.71,199.68,194.44,-5.240000000000009,5.240000000000009
3.0,692.0,450.7,748.57,753.78,5.209999999999923,5.209999999999923
6.0,697.0,651.64,1237.71,1232.51,-5.2000000000000455,5.2000000000000455
1.0,388.1,827.37,741.46,736.47,-4.990000000000009,4.990000000000009
10.0,888.0,298.68,1171.54,1176.38,4.8400000000001455,4.8400000000001455
7.0,1126.0,1103.75,2014.72,2010.58,-4.1400000000001,4.1400000000001
1.0,344.46,813.85,707.88,704.07,-3.8099999999999454,3.8099999999999454
14.0,592.0,1268.36,1930.24,1926.44,-3.7999999999999545,3.7999999999999545
4.0,1048.0,279.75,780.15,776.4,-3.75,3.75
8.0,123.0,612.55,851.24,847.74,-3.5,3.5
6.0,1198.0,222.6,1107.96,1104.65,-3.3099999999999454,3.3099999999999454
3.0,80.0,21.05,366.87,363.6,-3.269999999999982,3.269999999999982
6.0,194.0,914.25,1168.72,1165.63,-3.089999999999918,3.089999999999918
10.0,150.0,418.41,844.9,847.96,3.060000000000059,3.060000000000059
8.0,34.0,1225.2,1438.52,1441.47,2.9500000000000455,2.9500000000000455
1.0,362.79,749.19,636.51,633.64,-2.8700000000000045,2.8700000000000045
7.0,250.0,364.79,718.71,715.89,-2.82000000000005,2.82000000000005
6.0,290.0,814.04,1077.35,1079.78,2.4300000000000637,2.4300000000000637
4.0,425.0,1286.54,1449.26,1447.07,-2.1900000000000546,2.1900000000000546
10.0,714.0,269.06,1067.81,1069.57,1.759999999999991,1.759999999999991
6.0,761.0,530.19,1120.1,1121.73,1.6300000000001091,1.6300000000001091
2.0,794.32,402.31,671.06,672.51,1.4500000000000455,1.4500000000000455
9.0,849.0,1007.41,1785.47,1784.69,-0.7799999999999727,0.7799999999999727
1.0,250.0,1300.17,1145.33,1146.04,0.7100000000000364,0.7100000000000364
12.0,37.0,52.65,789.01,789.67,0.6599999999999682,0.6599999999999682
3.0,906.3,540.03,848.42,849.07,0.650000000000091,0.650000000000091
2.0,274.0,888.24,917.79,918.22,0.43000000000006366,0.43000000000006366
9.0,803.0,880.17,1589.75,1589.89,0.14000000000010004,0.14000000000010004
1.0,141.0,10.15,195.14,195.13,-0.009999999999990905,0.009999999999990905
