trip_id,days,miles,receipts,expected,predicted,error,abs_error,days_bucket,receipts_band,miles_band,receipt_ratio,miles_per_day,source
0,3.0,93.0,1.42,364.51,80.03,-284.48,284.48,≤4,0,0,0.47333333333333333,31.0,public
1,1.0,55.0,3.6,126.06,72.4,-53.66,53.66,≤4,0,0,3.6,55.0,public
2,1.0,47.0,17.97,128.91,50.0,-78.91,78.91,≤4,0,0,17.97,47.0,public
3,2.0,13.0,4.67,203.52,68.66,-134.86,134.86,≤4,0,0,2.335,6.5,public
4,3.0,88.0,5.78,380.37,64.77,-315.6,315.6,≤4,0,0,1.9266666666666667,29.333333333333332,public
5,1.0,76.0,13.74,158.35,50.0,-108.35,108.35,≤4,0,0,13.74,76.0,public
6,3.0,41.0,4.52,320.12,69.18,-250.94,250.94,≤4,0,0,1.5066666666666666,13.666666666666666,public
7,1.0,140.0,22.71,199.68,50.0,-149.68,149.68,≤4,0,0,22.71,140.0,public
8,3.0,121.0,21.17,464.07,50.0,-414.07,414.07,≤4,0,0,7.0566666666666675,40.333333333333336,public
9,3.0,117.0,21.99,359.1,50.0,-309.1,309.1,≤4,0,0,7.329999999999999,39.0,public
10,2.0,202.0,21.24,356.17,50.0,-306.17,306.17,≤4,0,200,10.62,101.0,public
11,3.0,80.0,21.05,366.87,50.0,-316.87,316.87,≤4,0,0,7.016666666666667,26.666666666666668,public
12,2.0,21.0,20.04,204.58,50.0,-154.58,154.58,≤4,0,0,10.02,10.5,public
13,3.0,177.0,18.73,430.86,50.0,-380.86,380.86,≤4,0,0,6.243333333333333,59.0,public
14,1.0,141.0,10.15,195.14,50.0,-145.14,145.14,≤4,0,0,10.15,141.0,public
15,1.0,58.0,5.86,117.24,64.49,-52.75,52.75,≤4,0,0,5.86,58.0,public
16,1.0,133.0,8.34,179.06,55.81,-123.25,123.25,≤4,0,0,8.34,133.0,public
17,1.0,59.0,8.31,120.65,55.91,-64.74000000000001,64.74000000000001,≤4,0,0,8.31,59.0,public
18,2.0,89.0,13.85,234.2,50.0,-184.2,184.2,≤4,0,0,6.925,44.5,public
19,2.0,147.0,17.43,325.56,50.0,-275.56,275.56,≤4,0,0,8.715,73.5,public
20,5.0,130.0,306.9,574.1,50.0,-524.1,524.1,5,250,0,61.379999999999995,26.0,public
21,5.0,173.0,1337.9,1443.96,50.0,-1393.96,1393.96,5,1250,0,267.58000000000004,34.6,public
22,5.0,592.0,433.75,869.0,50.0,-819.0,819.0,5,250,400,86.75,118.4,public
23,5.0,679.0,476.08,1030.41,50.0,-980.4100000000001,980.4100000000001,5,250,600,95.216,135.8,public
24,5.0,708.0,1129.52,1654.62,50.0,-1604.62,1604.62,5,1000,600,225.904,141.6,public
25,5.0,261.0,464.94,621.12,50.0,-571.12,571.12,5,250,200,92.988,52.2,public
26,5.0,794.0,511.0,1139.94,50.0,-1089.94,1089.94,5,500,600,102.2,158.8,public
27,5.0,521.0,1448.55,1624.01,50.0,-1574.01,1574.01,5,1250,400,289.71,104.2,public
28,5.0,595.0,863.93,1231.67,50.0,-1181.67,1181.67,5,750,400,172.786,119.0,public
29,5.0,811.0,952.39,1608.6,50.0,-1558.6,1558.6,5,750,800,190.478,162.2,public
30,5.0,477.0,704.42,1045.96,50.0,-995.96,995.96,5,500,400,140.884,95.4,public
31,5.0,730.0,485.73,991.49,50.0,-941.49,941.49,5,250,600,97.146,146.0,public
32,5.0,262.0,1173.79,1485.59,50.0,-1435.59,1435.59,5,1000,200,234.75799999999998,52.4,public
33,5.0,446.0,219.98,788.62,50.0,-738.62,738.62,5,0,400,43.995999999999995,89.2,public
34,5.0,751.0,407.43,1063.46,50.0,-1013.46,1013.46,5,250,600,81.486,150.2,public
35,5.0,324.0,128.94,686.54,50.0,-636.54,636.54,5,0,200,25.788,64.8,public
36,5.0,414.0,967.0,1368.94,50.0,-1318.94,1318.94,5,750,400,193.4,82.8,public
37,5.0,367.0,290.78,742.25,50.0,-692.25,692.25,5,250,200,58.15599999999999,73.4,public
38,5.0,764.0,848.75,1468.46,50.0,-1418.46,1418.46,5,750,600,169.75,152.8,public
39,5.0,249.0,873.75,1185.24,50.0,-1135.24,1135.24,5,750,200,174.75,49.8,public
40,8.0,862.0,1817.85,1719.37,50.0,-1669.37,1669.37,6–8,1750,800,227.23125,107.75,public
41,11.0,927.0,1994.33,1779.12,50.0,-1729.12,1729.12,≥9,1750,800,181.30272727272725,84.27272727272727,public
42,9.0,602.0,186.69,1085.4,50.0,-1035.4,1035.4,≥9,0,600,20.743333333333332,66.88888888888889,public
43,8.0,610.0,208.29,841.27,50.0,-791.27,791.27,6–8,0,600,26.03625,76.25,public
44,12.0,333.0,1103.21,1618.13,50.0,-1568.13,1568.13,≥9,1000,200,91.93416666666667,27.75,public
45,8.0,435.0,1129.65,1525.26,50.0,-1475.26,1475.26,6–8,1000,400,141.20625,54.375,public
46,9.0,218.0,1203.45,1561.63,50.0,-1511.63,1511.63,≥9,1000,200,133.71666666666667,24.22222222222222,public
47,12.0,781.0,1159.18,1752.72,50.0,-1702.72,1702.72,≥9,1000,600,96.59833333333334,65.08333333333333,public
48,11.0,916.0,1036.91,2098.07,50.0,-2048.07,2048.07,≥9,1000,800,94.26454545454546,83.27272727272727,public
49,10.0,358.0,2066.62,1624.11,50.0,-1574.11,1574.11,≥9,2000,200,206.66199999999998,35.8,public
50,12.0,566.0,2013.7,1752.03,50.0,-1702.03,1702.03,≥9,2000,400,167.80833333333334,47.166666666666664,public
51,9.0,954.0,1483.39,2024.2,50.0,-1974.2,1974.2,≥9,1250,800,164.82111111111112,106.0,public
52,9.0,534.0,1929.94,1624.87,50.0,-1574.87,1574.87,≥9,1750,400,214.4377777777778,59.333333333333336,public
53,12.0,765.0,1343.97,1953.03,50.0,-1903.03,1903.03,≥9,1250,600,111.9975,63.75,public
54,8.0,630.0,967.69,1388.05,50.0,-1338.05,1338.05,6–8,750,600,120.96125,78.75,public
55,10.0,909.0,696.0,1505.19,50.0,-1455.19,1455.19,≥9,500,800,69.6,90.9,public
56,10.0,223.0,745.89,1037.45,50.0,-987.45,987.45,≥9,500,200,74.589,22.3,public
57,8.0,467.0,1178.71,1483.33,50.0,-1433.33,1433.33,6–8,1000,400,147.33875,58.375,public
58,9.0,708.0,461.07,1110.6,50.0,-1060.6,1060.6,≥9,250,600,51.23,78.66666666666667,public
59,9.0,885.0,1764.97,1694.37,50.0,-1644.37,1644.37,≥9,1750,800,196.10777777777778,98.33333333333333,public
60,6.0,855.0,591.35,1339.72,50.0,-1289.72,1289.72,6–8,500,800,98.55833333333334,142.5,public
61,2.0,993.0,54.24,715.19,50.0,-665.19,665.19,≤4,0,800,27.12,496.5,public
62,5.0,685.0,747.14,1216.36,50.0,-1166.36,1166.36,5,500,600,149.428,137.0,public
63,3.0,981.0,341.45,813.95,50.0,-763.95,763.95,≤4,250,800,113.81666666666666,327.0,public
64,5.0,770.0,873.33,1502.49,50.0,-1452.49,1452.49,5,750,600,174.666,154.0,public
65,6.0,697.0,651.64,1237.71,50.0,-1187.71,1187.71,6–8,500,600,108.60666666666667,116.16666666666667,public
66,3.0,795.0,450.85,743.94,50.0,-693.94,693.94,≤4,250,600,150.28333333333333,265.0,public
67,3.0,606.0,1184.23,1364.54,50.0,-1314.54,1314.54,≤4,1000,600,394.74333333333334,202.0,public
68,3.0,842.0,865.37,1251.14,50.0,-1201.14,1201.14,≤4,750,800,288.45666666666665,280.6666666666667,public
69,7.0,748.0,241.73,971.31,50.0,-921.31,921.31,6–8,0,600,34.53285714285714,106.85714285714286,public
70,7.0,624.0,148.16,905.79,50.0,-855.79,855.79,6–8,0,600,21.165714285714284,89.14285714285714,public
71,2.0,713.0,740.33,1048.28,50.0,-998.28,998.28,≤4,500,600,370.165,356.5,public
72,3.0,874.0,1191.4,1515.99,50.0,-1465.99,1465.99,≤4,1000,800,397.1333333333334,291.3333333333333,public
73,6.0,761.0,530.19,1120.1,50.0,-1070.1,1070.1,6–8,500,600,88.36500000000001,126.83333333333333,public
74,1.0,815.0,97.89,539.36,50.0,-489.36,489.36,≤4,0,800,97.89,815.0,public
75,1.0,601.0,497.7,644.12,50.0,-594.12,594.12,≤4,250,600,497.7,601.0,public
76,7.0,817.0,1127.87,1809.91,50.0,-1759.91,1759.91,6–8,1000,800,161.1242857142857,116.71428571428571,public
77,1.0,606.0,923.0,1050.05,50.0,-1000.05,1000.05,≤4,750,600,923.0,606.0,public
78,1.0,909.0,741.82,866.07,50.0,-816.07,816.07,≤4,500,800,741.82,909.0,public
79,3.0,624.0,1160.92,1459.34,50.0,-1409.34,1409.34,≤4,1000,600,386.97333333333336,208.0,public
80,4.0,650.0,619.49,676.38,50.0,-626.38,626.38,≤4,500,600,154.8725,162.5,public
81,6.0,204.0,818.99,628.4,50.0,-578.4,578.4,6–8,750,200,136.49833333333333,34.0,public
82,1.0,263.0,396.49,198.42,50.0,-148.42,148.42,≤4,250,200,396.49,263.0,public
83,1.0,451.0,555.49,162.18,50.0,-112.18,112.18,≤4,500,400,555.49,451.0,public
84,10.0,424.0,474.99,831.96,50.0,-781.96,781.96,≥9,250,400,47.499,42.4,public
85,2.0,565.0,389.49,415.96,50.0,-365.96,365.96,≤4,250,400,194.745,282.5,public
86,9.0,397.0,348.49,913.29,50.0,-863.29,863.29,≥9,250,200,38.721111111111114,44.111111111111114,public
87,1.0,532.0,413.99,355.57,50.0,-305.57,305.57,≤4,250,400,413.99,532.0,public
88,2.0,384.0,495.49,290.36,50.0,-240.36,240.36,≤4,250,200,247.745,192.0,public
89,5.0,754.0,489.99,765.13,50.0,-715.13,715.13,5,250,600,97.998,150.8,public
90,1.0,344.46,813.85,707.88,50.0,-657.88,657.88,≤4,750,200,813.85,344.46,public
91,3.0,906.3,540.03,848.42,50.0,-798.42,798.42,≤4,500,800,180.01,302.09999999999997,public
92,3.0,1007.56,187.52,764.64,50.0,-714.64,714.64,≤4,0,1000,62.50666666666667,335.8533333333333,public
93,1.0,359.62,221.15,255.57,50.0,-205.57,205.57,≤4,0,200,221.15,359.62,public
94,1.0,362.79,749.19,636.51,50.0,-586.51,586.51,≤4,500,200,749.19,362.79,public
95,1.0,288.72,159.26,303.94,50.0,-253.94,253.94,≤4,0,200,159.26,288.72,public
96,2.0,782.17,830.72,1165.44,50.0,-1115.44,1115.44,≤4,750,600,415.36,391.085,public
97,2.0,623.18,347.54,625.15,50.0,-575.15,575.15,≤4,250,600,173.77,311.59,public
98,3.0,1061.15,388.5,693.36,50.0,-643.36,643.36,≤4,250,1000,129.5,353.7166666666667,public
99,1.0,252.75,285.5,331.74,50.0,-281.74,281.74,≤4,250,200,285.5,252.75,public
100,3.0,1020.39,250.62,779.08,50.0,-729.08,729.08,≤4,250,1000,83.54,340.13,public
101,1.0,257.97,816.81,738.01,50.0,-688.01,688.01,≤4,750,200,816.81,257.97,public
102,3.0,1025.03,592.55,992.4,50.0,-942.4,942.4,≤4,500,1000,197.51666666666665,341.6766666666667,public
103,2.0,794.32,402.31,671.06,50.0,-621.06,621.06,≤4,250,600,201.155,397.16,public
104,1.0,276.85,485.54,361.66,50.0,-311.66,311.66,≤4,250,200,485.54,276.85,public
105,2.0,851.68,473.96,650.68,50.0,-600.68,600.68,≤4,250,800,236.98,425.84,public
106,3.0,859.12,611.07,960.47,50.0,-910.47,910.47,≤4,500,800,203.69000000000003,286.37333333333333,public
107,3.0,1317.07,476.87,787.42,50.0,-737.42,737.42,≤4,250,1200,158.95666666666668,439.0233333333333,public
108,1.0,388.1,827.37,741.46,50.0,-691.46,691.46,≤4,750,200,827.37,388.1,public
109,1.0,264.39,758.27,636.19,50.0,-586.19,586.19,≤4,750,200,758.27,264.39,public
110,5.0,198.21,594.83,807.48,50.0,-757.48,757.48,5,500,0,118.96600000000001,39.642,public
111,6.0,72.85,457.75,666.59,50.0,-616.59,616.59,6–8,250,0,76.29166666666667,12.141666666666666,public
112,8.0,297.64,481.09,835.08,50.0,-785.08,785.08,6–8,250,200,60.13625,37.205,public
113,7.0,237.33,1262.27,1452.17,50.0,-1402.17,1402.17,6–8,1250,200,180.3242857142857,33.90428571428571,public
114,5.0,195.73,1228.49,511.23,50.0,-461.23,461.23,5,1000,0,245.698,39.146,public
115,8.0,276.28,1179.9,1522.6,50.0,-1472.6,1472.6,6–8,1000,200,147.4875,34.535,public
116,8.0,302.24,1046.04,1353.77,50.0,-1303.77,1303.77,6–8,1000,200,130.755,37.78,public
117,8.0,266.87,252.08,880.41,50.0,-830.41,830.41,6–8,250,200,31.51,33.35875,public
118,9.0,310.69,239.64,828.16,50.0,-778.16,778.16,≥9,0,200,26.626666666666665,34.52111111111111,public
119,6.0,222.08,709.07,1031.34,50.0,-981.3399999999999,981.3399999999999,6–8,500,200,118.17833333333334,37.013333333333335,public
120,8.0,264.94,720.67,1019.85,50.0,-969.85,969.85,6–8,500,200,90.08375,33.1175,public
121,8.0,161.15,1230.37,1499.24,50.0,-1449.24,1449.24,6–8,1000,0,153.79625,20.14375,public
122,9.0,259.96,554.74,835.54,50.0,-785.54,785.54,≥9,500,200,61.63777777777778,28.88444444444444,public
123,9.0,97.85,518.56,850.57,50.0,-800.57,800.57,≥9,500,0,57.617777777777775,10.872222222222222,public
124,9.0,194.34,1054.93,1374.9,50.0,-1324.9,1324.9,≥9,1000,0,117.21444444444445,21.593333333333334,public
125,9.0,332.35,374.61,830.45,50.0,-780.45,780.45,≥9,250,200,41.623333333333335,36.92777777777778,public
126,5.0,126.44,696.14,845.35,50.0,-795.35,795.35,5,500,0,139.228,25.288,public
127,5.0,66.13,848.03,1050.25,50.0,-1000.25,1000.25,5,750,0,169.606,13.225999999999999,public
128,6.0,135.34,1144.13,1478.11,50.0,-1428.11,1428.11,6–8,1000,0,190.68833333333336,22.55666666666667,public
129,6.0,233.7,346.98,648.57,50.0,-598.57,598.57,6–8,250,200,57.830000000000005,38.949999999999996,public
130,9.0,849.0,1007.41,1785.47,50.0,-1735.47,1735.47,≥9,1000,800,111.93444444444444,94.33333333333333,public
131,6.0,806.0,1760.64,1718.76,50.0,-1668.76,1668.76,6–8,1750,800,293.44,134.33333333333334,public
132,8.0,891.0,1194.36,2016.46,50.0,-1966.46,1966.46,6–8,1000,800,149.295,111.375,public
133,9.0,1182.0,1342.24,2164.15,50.0,-2114.15,2114.15,≥9,1250,1000,149.13777777777779,131.33333333333334,public
134,7.0,1010.0,1514.03,2063.98,50.0,-2013.98,2013.98,6–8,1500,1000,216.29,144.28571428571428,public
135,8.0,892.0,1768.53,1902.37,50.0,-1852.37,1852.37,6–8,1750,800,221.06625,111.5,public
136,6.0,825.0,1692.73,1817.77,50.0,-1767.77,1767.77,6–8,1500,800,282.12166666666667,137.5,public
137,8.0,1118.0,1758.52,1852.47,50.0,-1802.47,1802.47,6–8,1750,1000,219.815,139.75,public
138,8.0,1064.0,1756.52,1857.04,50.0,-1807.04,1807.04,6–8,1750,1000,219.565,133.0,public
139,6.0,811.0,1252.04,1771.8,50.0,-1721.8,1721.8,6–8,1250,800,208.67333333333332,135.16666666666666,public
140,7.0,889.0,1417.96,1826.08,50.0,-1776.08,1776.08,6–8,1250,800,202.56571428571428,127.0,public
141,9.0,1012.0,1429.04,1880.76,50.0,-1830.76,1830.76,≥9,1250,1000,158.78222222222223,112.44444444444444,public
142,6.0,909.0,1332.18,1720.21,50.0,-1670.21,1670.21,6–8,1250,800,222.03,151.5,public
143,9.0,1096.0,1690.22,1894.85,50.0,-1844.85,1844.85,≥9,1500,1000,187.8022222222222,121.77777777777777,public
144,9.0,913.0,1021.29,1964.86,50.0,-1914.86,1914.86,≥9,1000,800,113.47666666666666,101.44444444444444,public
145,6.0,1006.0,1219.71,1803.97,50.0,-1753.97,1753.97,6–8,1000,1000,203.285,167.66666666666666,public
146,6.0,907.0,1650.17,1737.86,50.0,-1687.86,1687.86,6–8,1500,800,275.02833333333336,151.16666666666666,public
147,9.0,816.0,1171.81,1780.58,50.0,-1730.58,1730.58,≥9,1000,800,130.20111111111112,90.66666666666667,public
148,7.0,1006.0,1181.33,2279.82,50.0,-2229.82,2229.82,6–8,1000,1000,168.76142857142855,143.71428571428572,public
149,6.0,835.0,1404.28,1765.79,50.0,-1715.79,1715.79,6–8,1250,800,234.04666666666665,139.16666666666666,public
150,12.0,528.0,2476.41,1662.88,50.0,-1612.88,1612.88,≥9,2250,400,206.36749999999998,44.0,public
151,4.0,69.0,2321.49,322.0,50.0,-272.0,272.0,≤4,2250,0,580.3725,17.25,public
152,11.0,1179.0,31.36,1550.55,50.0,-1500.55,1500.55,≥9,0,1000,2.850909090909091,107.18181818181819,public
153,13.0,756.0,954.4,1793.07,50.0,-1743.07,1743.07,≥9,750,600,73.41538461538461,58.15384615384615,public
154,1.0,123.0,2076.65,1171.68,50.0,-1121.68,1121.68,≤4,2000,0,2076.65,123.0,public
155,3.0,1162.0,2152.66,1434.71,50.0,-1384.71,1384.71,≤4,2000,1000,717.5533333333333,387.3333333333333,public
156,1.0,822.0,2170.53,1374.91,50.0,-1324.91,1324.91,≤4,2000,800,2170.53,822.0,public
157,11.0,558.0,1549.86,1823.47,50.0,-1773.47,1773.47,≥9,1500,400,140.89636363636362,50.72727272727273,public
158,2.0,753.0,1111.16,1353.87,50.0,-1303.87,1303.87,≤4,1000,600,555.58,376.5,public
159,10.0,224.0,407.51,794.7,50.0,-744.7,744.7,≥9,250,200,40.751,22.4,public
160,6.0,383.0,462.79,800.3,50.0,-750.3,750.3,6–8,250,200,77.13166666666667,63.833333333333336,public
161,8.0,1005.0,1391.37,1987.39,50.0,-1937.39,1937.39,6–8,1250,1000,173.92125,125.625,public
162,10.0,1145.0,311.43,1366.61,50.0,-1316.61,1316.61,≥9,250,1000,31.143,114.5,public
163,5.0,1004.0,2367.63,1743.85,50.0,-1693.85,1693.85,5,2250,1000,473.526,200.8,public
164,5.0,873.0,1402.35,1676.79,50.0,-1626.79,1626.79,5,1250,800,280.46999999999997,174.6,public
165,2.0,165.0,1813.32,1273.45,50.0,-1223.45,1223.45,≤4,1750,0,906.66,82.5,public
166,5.0,1076.0,190.33,879.65,50.0,-829.65,829.65,5,0,1000,38.066,215.2,public
167,12.0,986.0,2390.92,1760.0,50.0,-1710.0,1710.0,≥9,2250,800,199.24333333333334,82.16666666666667,public
168,7.0,948.0,657.17,1578.97,50.0,-1528.97,1528.97,6–8,500,800,93.88142857142857,135.42857142857142,public
169,3.0,429.0,2400.13,1411.95,50.0,-1361.95,1361.95,≤4,2250,400,800.0433333333334,143.0,public
170,4.0,362.0,646.43,788.53,50.0,-738.53,738.53,≤4,500,200,161.6075,90.5,public
171,2.0,622.0,1871.56,1494.23,50.0,-1444.23,1444.23,≤4,1750,600,935.78,311.0,public
172,1.0,140.0,255.99,150.34,50.0,-100.34,100.34,≤4,250,0,255.99,140.0,public
173,8.0,123.0,612.55,851.24,50.0,-801.24,801.24,6–8,500,0,76.56875,15.375,public
174,4.0,87.0,2463.92,1413.52,50.0,-1363.52,1363.52,≤4,2250,0,615.98,21.75,public
175,10.0,164.0,1144.9,1516.43,50.0,-1466.43,1466.43,≥9,1000,0,114.49000000000001,16.4,public
176,1.0,989.0,2196.84,1439.17,50.0,-1389.17,1389.17,≤4,2000,800,2196.84,989.0,public
177,4.0,470.0,1968.63,1501.1,50.0,-1451.1,1451.1,≤4,1750,400,492.1575,117.5,public
178,1.0,37.0,1397.17,1092.94,50.0,-1042.94,1042.94,≤4,1250,0,1397.17,37.0,public
179,8.0,488.0,439.7,1030.13,50.0,-980.1300000000001,980.1300000000001,6–8,250,400,54.9625,61.0,public
180,12.0,757.0,897.4,1780.07,50.0,-1730.07,1730.07,≥9,750,600,74.78333333333333,63.083333333333336,public
181,14.0,958.0,1727.76,2065.16,50.0,-2015.1599999999999,2015.1599999999999,≥9,1500,800,123.41142857142857,68.42857142857143,public
182,2.0,456.0,2390.7,1342.39,50.0,-1292.39,1292.39,≤4,2250,400,1195.35,228.0,public
183,5.0,733.0,41.18,771.83,50.0,-721.83,721.83,5,0,600,8.236,146.6,public
184,5.0,291.0,1279.7,1477.12,50.0,-1427.12,1427.12,5,1250,200,255.94,58.2,public
185,10.0,478.0,2091.79,1568.41,50.0,-1518.41,1518.41,≥9,2000,400,209.179,47.8,public
186,8.0,817.0,1455.73,1847.26,50.0,-1797.26,1797.26,6–8,1250,800,181.96625,102.125,public
187,6.0,1043.0,1404.35,1807.42,50.0,-1757.42,1757.42,6–8,1250,1000,234.0583333333333,173.83333333333334,public
188,2.0,958.0,1855.58,1549.54,50.0,-1499.54,1499.54,≤4,1750,800,927.79,479.0,public
189,9.0,524.0,474.75,935.4,50.0,-885.4,885.4,≥9,250,400,52.75,58.22222222222222,public
190,6.0,45.0,81.59,522.58,50.0,-472.58000000000004,472.58000000000004,6–8,0,0,13.598333333333334,7.5,public
191,8.0,342.0,2259.06,1502.02,50.0,-1452.02,1452.02,6–8,2250,200,282.3825,42.75,public
192,12.0,379.0,1897.29,1682.98,50.0,-1632.98,1632.98,≥9,1750,200,158.1075,31.583333333333332,public
193,6.0,333.0,1254.68,1585.02,50.0,-1535.02,1535.02,6–8,1250,200,209.11333333333334,55.5,public
194,2.0,634.0,1739.81,1490.51,50.0,-1440.51,1440.51,≤4,1500,600,869.905,317.0,public
195,5.0,285.0,974.73,1282.84,50.0,-1232.84,1232.84,5,750,200,194.946,57.0,public
196,12.0,33.0,1249.13,1707.38,50.0,-1657.38,1657.38,≥9,1000,0,104.09416666666668,2.75,public
197,9.0,118.0,1285.82,1539.77,50.0,-1489.77,1489.77,≥9,1250,0,142.86888888888888,13.11111111111111,public
198,1.0,420.0,2273.6,1220.35,50.0,-1170.35,1170.35,≤4,2250,400,2273.6,420.0,public
199,11.0,312.0,2072.39,1586.22,50.0,-1536.22,1536.22,≥9,2000,200,188.3990909090909,28.363636363636363,public
200,10.0,753.0,2054.02,1779.08,50.0,-1729.08,1729.08,≥9,2000,600,205.402,75.3,public
201,5.0,125.0,96.38,570.99,50.0,-520.99,520.99,5,0,0,19.276,25.0,public
202,6.0,597.0,888.84,1395.65,50.0,-1345.65,1345.65,6–8,750,400,148.14000000000001,99.5,public
203,12.0,1065.0,203.2,1408.25,50.0,-1358.25,1358.25,≥9,0,1000,16.933333333333334,88.75,public
204,1.0,214.0,540.03,402.81,50.0,-352.81,352.81,≤4,500,200,540.03,214.0,public
205,11.0,886.0,922.66,1852.24,50.0,-1802.24,1802.24,≥9,750,800,83.87818181818182,80.54545454545455,public
206,10.0,621.0,978.73,1656.28,50.0,-1606.28,1606.28,≥9,750,600,97.873,62.1,public
207,4.0,1000.0,2355.34,1699.56,50.0,-1649.56,1649.56,≤4,2250,1000,588.835,250.0,public
208,13.0,534.0,1765.96,1881.36,50.0,-1831.36,1831.36,≥9,1750,400,135.84307692307692,41.07692307692308,public
209,6.0,475.0,1800.71,1671.23,50.0,-1621.23,1621.23,6–8,1750,400,300.11833333333334,79.16666666666667,public
210,11.0,623.0,2265.21,1739.18,50.0,-1689.18,1689.18,≥9,2250,600,205.92818181818183,56.63636363636363,public
211,1.0,620.0,973.91,1112.02,50.0,-1062.02,1062.02,≤4,750,600,973.91,620.0,public
212,13.0,1004.0,1757.75,1960.67,50.0,-1910.67,1910.67,≥9,1750,1000,135.21153846153845,77.23076923076923,public
213,8.0,962.0,1929.63,1897.19,50.0,-1847.19,1847.19,6–8,1750,800,241.20375,120.25,public
214,14.0,516.0,1464.67,1842.1,50.0,-1792.1,1792.1,≥9,1250,400,104.61928571428572,36.857142857142854,public
215,11.0,685.0,2272.75,1873.94,50.0,-1823.94,1823.94,≥9,2250,600,206.61363636363637,62.27272727272727,public
216,3.0,307.0,266.21,540.97,50.0,-490.97,490.97,≤4,250,200,88.73666666666666,102.33333333333333,public
217,3.0,375.0,1346.21,1339.93,50.0,-1289.93,1289.93,≤4,1250,200,448.7366666666667,125.0,public
218,4.0,1124.0,2177.18,1567.43,50.0,-1517.43,1517.43,≤4,2000,1000,544.295,281.0,public
219,3.0,779.0,2110.9,1520.73,50.0,-1470.73,1470.73,≤4,2000,600,703.6333333333333,259.6666666666667,public
220,8.0,1173.0,671.25,1419.34,50.0,-1369.34,1369.34,6–8,500,1000,83.90625,146.625,public
221,14.0,47.0,1667.14,1745.18,50.0,-1695.18,1695.18,≥9,1500,0,119.08142857142857,3.357142857142857,public
222,3.0,981.0,2008.83,1539.47,50.0,-1489.47,1489.47,≤4,2000,800,669.61,327.0,public
223,5.0,516.0,1450.67,1547.5,50.0,-1497.5,1497.5,5,1250,400,290.134,103.2,public
224,6.0,471.0,332.51,872.19,50.0,-822.19,822.19,6–8,250,400,55.41833333333333,78.5,public
225,2.0,941.0,1565.77,1432.79,50.0,-1382.79,1382.79,≤4,1500,800,782.885,470.5,public
226,10.0,377.0,301.96,837.36,50.0,-787.36,787.36,≥9,250,200,30.195999999999998,37.7,public
227,7.0,273.0,285.83,793.58,50.0,-743.58,743.58,6–8,250,200,40.832857142857144,39.0,public
228,1.0,458.0,834.7,737.28,50.0,-687.28,687.28,≤4,750,400,834.7,458.0,public
229,11.0,772.0,932.31,1575.52,50.0,-1525.52,1525.52,≥9,750,600,84.75545454545454,70.18181818181819,public
230,11.0,36.0,1541.47,1593.24,50.0,-1543.24,1543.24,≥9,1500,0,140.13363636363636,3.272727272727273,public
231,12.0,211.0,1048.29,1579.73,50.0,-1529.73,1529.73,≥9,1000,200,87.3575,17.583333333333332,public
232,7.0,987.0,2164.1,1839.67,50.0,-1789.67,1789.67,6–8,2000,800,309.15714285714284,141.0,public
233,9.0,662.0,2275.59,1599.27,50.0,-1549.27,1549.27,≥9,2250,600,252.84333333333336,73.55555555555556,public
234,12.0,96.0,1164.37,1553.21,50.0,-1503.21,1503.21,≥9,1000,0,97.03083333333332,8.0,public
235,5.0,569.0,1856.7,1623.81,50.0,-1573.81,1573.81,5,1750,400,371.34000000000003,113.8,public
236,12.0,128.0,477.17,874.99,50.0,-824.99,824.99,≥9,250,0,39.76416666666667,10.666666666666666,public
237,4.0,886.0,2401.28,1698.0,50.0,-1648.0,1648.0,≤4,2250,800,600.32,221.5,public
238,13.0,19.0,807.27,1331.53,50.0,-1281.53,1281.53,≥9,750,0,62.097692307692306,1.4615384615384615,public
239,8.0,275.0,2347.09,1454.47,50.0,-1404.47,1404.47,6–8,2250,200,293.38625,34.375,public
240,9.0,963.0,588.5,1434.42,50.0,-1384.42,1384.42,≥9,500,800,65.38888888888889,107.0,public
241,14.0,1056.0,2489.69,1894.16,50.0,-1844.16,1844.16,≥9,2250,1000,177.835,75.42857142857143,public
242,5.0,728.0,423.16,947.72,50.0,-897.72,897.72,5,250,600,84.632,145.6,public
243,4.0,286.0,1063.49,418.17,50.0,-368.17,368.17,≤4,1000,200,265.8725,71.5,public
244,11.0,332.0,1352.48,1663.39,50.0,-1613.39,1613.39,≥9,1250,200,122.95272727272727,30.181818181818183,public
245,12.0,49.0,1118.38,1494.81,50.0,-1444.81,1444.81,≥9,1000,0,93.19833333333334,4.083333333333333,public
246,2.0,18.0,2503.46,1206.95,50.0,-1156.95,1156.95,≤4,2500,0,1251.73,9.0,public
247,14.0,592.0,1268.36,1930.24,50.0,-1880.24,1880.24,≥9,1250,400,90.59714285714286,42.285714285714285,public
248,3.0,892.0,171.32,875.39,50.0,-825.39,825.39,≤4,0,800,57.10666666666666,297.3333333333333,public
249,11.0,741.0,1872.39,1847.08,50.0,-1797.08,1797.08,≥9,1750,600,170.21727272727273,67.36363636363636,public
250,14.0,807.0,2358.41,1819.41,50.0,-1769.41,1769.41,≥9,2250,800,168.45785714285714,57.642857142857146,public
251,5.0,873.0,1584.53,1796.7,50.0,-1746.7,1746.7,5,1500,800,316.906,174.6,public
252,3.0,1159.0,2209.44,1434.84,50.0,-1384.84,1384.84,≤4,2000,1000,736.48,386.3333333333333,public
253,11.0,920.0,1338.65,1871.27,50.0,-1821.27,1821.27,≥9,1250,800,121.69545454545455,83.63636363636364,public
254,1.0,388.0,390.7,332.06,50.0,-282.06,282.06,≤4,250,200,390.7,388.0,public
255,9.0,576.0,1059.79,1547.5,50.0,-1497.5,1497.5,≥9,1000,400,117.75444444444445,64.0,public
256,9.0,524.0,2367.12,1640.78,50.0,-1590.78,1590.78,≥9,2250,400,263.0133333333333,58.22222222222222,public
257,10.0,459.0,2183.11,1559.59,50.0,-1509.59,1509.59,≥9,2000,400,218.311,45.9,public
258,4.0,725.0,588.9,1097.95,50.0,-1047.95,1047.95,≤4,500,600,147.225,181.25,public
259,1.0,992.0,958.87,1222.41,50.0,-1172.41,1172.41,≤4,750,800,958.87,992.0,public
260,10.0,536.0,2194.42,1615.13,50.0,-1565.13,1565.13,≥9,2000,400,219.442,53.6,public
261,11.0,1126.0,1593.03,2143.74,50.0,-2093.74,2093.74,≥9,1500,1000,144.82090909090908,102.36363636363636,public
262,10.0,314.0,1098.8,1539.1,50.0,-1489.1,1489.1,≥9,1000,200,109.88,31.4,public
263,1.0,9.0,2246.28,1120.22,50.0,-1070.22,1070.22,≤4,2000,0,2246.28,9.0,public
264,11.0,706.0,1508.23,2030.59,50.0,-1980.59,1980.59,≥9,1500,600,137.1118181818182,64.18181818181819,public
265,10.0,976.0,2166.02,1775.03,50.0,-1725.03,1725.03,≥9,2000,800,216.602,97.6,public
266,5.0,1028.0,653.19,1313.95,50.0,-1263.95,1263.95,5,500,1000,130.638,205.6,public
267,8.0,1166.0,99.47,1149.07,50.0,-1099.07,1099.07,6–8,0,1000,12.43375,145.75,public
268,12.0,882.0,1958.14,1944.88,50.0,-1894.88,1894.88,≥9,1750,800,163.17833333333334,73.5,public
269,11.0,448.0,732.79,1090.35,50.0,-1040.35,1040.35,≥9,500,400,66.61727272727272,40.72727272727273,public
270,7.0,623.0,1691.39,1800.86,50.0,-1750.86,1750.86,6–8,1500,600,241.62714285714287,89.0,public
271,3.0,127.0,293.49,303.2,50.0,-253.2,253.2,≤4,250,0,97.83,42.333333333333336,public
272,12.0,218.0,486.02,1005.67,50.0,-955.67,955.67,≥9,250,200,40.501666666666665,18.166666666666668,public
273,3.0,1166.0,530.44,785.59,50.0,-735.59,735.59,≤4,500,1000,176.81333333333336,388.6666666666667,public
274,11.0,17.0,550.58,830.07,50.0,-780.07,780.07,≥9,500,0,50.052727272727275,1.5454545454545454,public
275,9.0,696.0,1749.97,1649.49,50.0,-1599.49,1599.49,≥9,1500,600,194.44111111111113,77.33333333333333,public
276,4.0,305.0,125.79,664.43,50.0,-614.43,614.43,≤4,0,200,31.4475,76.25,public
277,12.0,104.0,1300.05,1779.92,50.0,-1729.92,1729.92,≥9,1250,0,108.33749999999999,8.666666666666666,public
278,1.0,303.0,931.53,857.42,50.0,-807.42,807.42,≤4,750,200,931.53,303.0,public
279,8.0,1012.0,2390.84,1732.12,50.0,-1682.12,1682.12,6–8,2250,1000,298.855,126.5,public
280,9.0,938.0,2224.29,1913.87,50.0,-1863.87,1863.87,≥9,2000,800,247.14333333333332,104.22222222222223,public
281,3.0,471.0,288.19,535.67,50.0,-485.66999999999996,485.66999999999996,≤4,250,400,96.06333333333333,157.0,public
282,5.0,72.0,977.67,1156.55,50.0,-1106.55,1106.55,5,750,0,195.534,14.4,public
283,10.0,160.0,2272.56,1642.15,50.0,-1592.15,1592.15,≥9,2250,0,227.256,16.0,public
284,10.0,965.0,1851.28,1805.77,50.0,-1755.77,1755.77,≥9,1750,800,185.128,96.5,public
285,3.0,266.0,2178.16,1447.95,50.0,-1397.95,1397.95,≤4,2000,200,726.0533333333333,88.66666666666667,public
286,12.0,734.0,2491.82,1792.31,50.0,-1742.31,1742.31,≥9,2250,600,207.65166666666667,61.166666666666664,public
287,12.0,64.0,1641.01,1710.72,50.0,-1660.72,1660.72,≥9,1500,0,136.75083333333333,5.333333333333333,public
288,9.0,497.0,1845.08,1674.09,50.0,-1624.09,1624.09,≥9,1750,400,205.0088888888889,55.22222222222222,public
289,3.0,781.0,1801.38,1586.21,50.0,-1536.21,1536.21,≤4,1750,600,600.46,260.3333333333333,public
290,3.0,158.0,1070.74,1183.16,50.0,-1133.16,1133.16,≤4,1000,0,356.91333333333336,52.666666666666664,public
291,3.0,1096.0,200.27,802.96,50.0,-752.96,752.96,≤4,0,1000,66.75666666666667,365.3333333333333,public
292,11.0,1116.0,2067.8,1987.44,50.0,-1937.44,1937.44,≥9,2000,1000,187.9818181818182,101.45454545454545,public
293,10.0,831.0,39.86,982.64,50.0,-932.64,932.64,≥9,0,800,3.9859999999999998,83.1,public
294,14.0,124.0,1064.64,1761.68,50.0,-1711.68,1711.68,≥9,1000,0,76.0457142857143,8.857142857142858,public
295,4.0,10.0,1262.73,1261.41,50.0,-1211.41,1211.41,≤4,1250,0,315.6825,2.5,public
296,5.0,955.0,106.86,897.78,50.0,-847.78,847.78,5,0,800,21.372,191.0,public
297,7.0,1176.0,2489.13,1921.16,50.0,-1871.16,1871.16,6–8,2250,1000,355.59000000000003,168.0,public
298,6.0,803.0,465.6,1012.0,50.0,-962.0,962.0,6–8,250,800,77.60000000000001,133.83333333333334,public
299,9.0,868.0,62.12,1022.81,50.0,-972.81,972.81,≥9,0,800,6.902222222222222,96.44444444444444,public
300,1.0,181.0,128.05,225.12,50.0,-175.12,175.12,≤4,0,0,128.05,181.0,public
301,3.0,70.0,631.88,564.16,50.0,-514.16,514.16,≤4,500,0,210.62666666666667,23.333333333333332,public
302,8.0,1090.0,419.76,1189.47,50.0,-1139.47,1139.47,6–8,250,1000,52.47,136.25,public
303,14.0,1184.0,2269.89,1943.24,50.0,-1893.24,1893.24,≥9,2250,1000,162.135,84.57142857142857,public
304,1.0,735.0,1676.9,1365.21,50.0,-1315.21,1315.21,≤4,1500,600,1676.9,735.0,public
305,2.0,547.0,119.09,509.52,50.0,-459.52,459.52,≤4,0,400,59.545,273.5,public
306,11.0,265.0,218.66,949.34,50.0,-899.34,899.34,≥9,0,200,19.87818181818182,24.09090909090909,public
307,10.0,223.0,886.32,1305.54,50.0,-1255.54,1255.54,≥9,750,200,88.632,22.3,public
308,12.0,959.0,1947.82,1833.24,50.0,-1783.24,1783.24,≥9,1750,800,162.31833333333333,79.91666666666667,public
309,11.0,498.0,1578.39,1793.52,50.0,-1743.52,1743.52,≥9,1500,400,143.49,45.27272727272727,public
310,14.0,127.0,988.4,1688.9,50.0,-1638.9,1638.9,≥9,750,0,70.6,9.071428571428571,public
311,3.0,621.0,214.08,779.66,50.0,-729.66,729.66,≤4,0,600,71.36,207.0,public
312,6.0,1193.0,2241.5,1839.47,50.0,-1789.47,1789.47,6–8,2000,1000,373.5833333333333,198.83333333333334,public
313,4.0,448.0,2055.97,1497.46,50.0,-1447.46,1447.46,≤4,2000,400,513.9925,112.0,public
314,8.0,466.0,2064.63,1558.12,50.0,-1508.12,1508.12,6–8,2000,400,258.07875,58.25,public
315,12.0,229.0,1216.16,1696.65,50.0,-1646.65,1646.65,≥9,1000,200,101.34666666666668,19.083333333333332,public
316,13.0,658.0,559.48,1573.12,50.0,-1523.12,1523.12,≥9,500,600,43.03692307692308,50.61538461538461,public
317,13.0,1034.0,2477.98,1842.24,50.0,-1792.24,1792.24,≥9,2250,1000,190.61384615384617,79.53846153846153,public
318,4.0,842.0,2464.29,1611.66,50.0,-1561.66,1561.66,≤4,2250,800,616.0725,210.5,public
319,13.0,837.0,1218.93,1921.68,50.0,-1871.68,1871.68,≥9,1000,800,93.76384615384616,64.38461538461539,public
320,11.0,927.0,1306.37,1804.68,50.0,-1754.68,1754.68,≥9,1250,800,118.76090909090908,84.27272727272727,public
321,4.0,1047.0,1657.68,1605.84,50.0,-1555.84,1555.84,≤4,1500,1000,414.42,261.75,public
322,4.0,262.0,1681.28,1435.34,50.0,-1385.34,1385.34,≤4,1500,200,420.32,65.5,public
323,7.0,1126.0,1103.75,2014.72,50.0,-1964.72,1964.72,6–8,1000,1000,157.67857142857142,160.85714285714286,public
324,5.0,781.0,672.91,1125.36,50.0,-1075.36,1075.36,5,500,600,134.582,156.2,public
325,5.0,831.0,591.65,1090.31,50.0,-1040.31,1040.31,5,500,800,118.33,166.2,public
326,7.0,1089.0,1026.25,2132.85,50.0,-2082.85,2082.85,6–8,1000,1000,146.60714285714286,155.57142857142858,public
327,1.0,793.0,2171.07,1421.36,50.0,-1371.36,1371.36,≤4,2000,600,2171.07,793.0,public
328,9.0,368.0,495.12,847.33,50.0,-797.33,797.33,≥9,250,200,55.013333333333335,40.888888888888886,public
329,6.0,818.0,1130.38,1704.06,50.0,-1654.06,1654.06,6–8,1000,800,188.39666666666668,136.33333333333334,public
330,11.0,667.0,1915.95,1732.2,50.0,-1682.2,1682.2,≥9,1750,600,174.17727272727274,60.63636363636363,public
331,2.0,267.0,2116.93,1349.04,50.0,-1299.04,1299.04,≤4,2000,200,1058.465,133.5,public
332,10.0,1083.0,2105.36,1844.58,50.0,-1794.58,1794.58,≥9,2000,1000,210.536,108.3,public
333,13.0,529.0,1767.79,2015.18,50.0,-1965.18,1965.18,≥9,1750,400,135.98384615384614,40.69230769230769,public
334,9.0,1155.0,1346.4,2248.12,50.0,-2198.12,2198.12,≥9,1250,1000,149.60000000000002,128.33333333333334,public
335,7.0,1185.0,1768.01,2072.18,50.0,-2022.1799999999998,2022.1799999999998,6–8,1750,1000,252.57285714285715,169.28571428571428,public
336,5.0,763.0,1420.94,1777.14,50.0,-1727.14,1727.14,5,1250,600,284.188,152.6,public
337,7.0,368.0,1231.69,1550.04,50.0,-1500.04,1500.04,6–8,1000,200,175.9557142857143,52.57142857142857,public
338,6.0,659.0,322.1,972.58,50.0,-922.58,922.58,6–8,250,600,53.68333333333334,109.83333333333333,public
339,14.0,1138.0,518.18,1696.86,50.0,-1646.86,1646.86,≥9,500,1000,37.012857142857136,81.28571428571429,public
340,6.0,172.0,1977.78,1603.89,50.0,-1553.89,1553.89,6–8,1750,0,329.63,28.666666666666668,public
341,6.0,628.0,311.47,903.3,50.0,-853.3,853.3,6–8,250,600,51.91166666666667,104.66666666666667,public
342,2.0,500.0,1246.48,1264.53,50.0,-1214.53,1214.53,≤4,1000,400,623.24,250.0,public
343,8.0,7.0,2075.6,1422.12,50.0,-1372.12,1372.12,6–8,2000,0,259.45,0.875,public
344,5.0,942.0,2092.87,1696.72,50.0,-1646.72,1646.72,5,2000,800,418.57399999999996,188.4,public
345,12.0,81.0,2485.34,1589.65,50.0,-1539.65,1539.65,≥9,2250,0,207.11166666666668,6.75,public
346,4.0,166.0,791.52,866.18,50.0,-816.18,816.18,≤4,750,0,197.88,41.5,public
347,3.0,213.0,1724.85,1344.71,50.0,-1294.71,1294.71,≤4,1500,200,574.9499999999999,71.0,public
348,11.0,1004.0,167.15,1175.65,50.0,-1125.65,1125.65,≥9,0,1000,15.195454545454545,91.27272727272727,public
349,5.0,116.0,478.1,624.04,50.0,-574.04,574.04,5,250,0,95.62,23.2,public
350,13.0,112.0,2299.56,1807.67,50.0,-1757.67,1757.67,≥9,2250,0,176.88923076923078,8.615384615384615,public
351,1.0,43.0,2149.22,1134.47,50.0,-1084.47,1084.47,≤4,2000,0,2149.22,43.0,public
352,2.0,660.0,1944.4,1531.2,50.0,-1481.2,1481.2,≤4,1750,600,972.2,330.0,public
353,10.0,888.0,298.68,1171.54,50.0,-1121.54,1121.54,≥9,250,800,29.868000000000002,88.8,public
354,10.0,860.0,2380.76,1759.97,50.0,-1709.97,1709.97,≥9,2250,800,238.07600000000002,86.0,public
355,10.0,1187.0,1981.09,2013.21,50.0,-1963.21,1963.21,≥9,1750,1000,198.10899999999998,118.7,public
356,12.0,1139.0,124.65,1314.3,50.0,-1264.3,1264.3,≥9,0,1000,10.387500000000001,94.91666666666667,public
357,5.0,966.0,359.51,927.98,50.0,-877.98,877.98,5,250,800,71.902,193.2,public
358,10.0,796.0,1352.08,2000.19,50.0,-1950.19,1950.19,≥9,1250,600,135.208,79.6,public
359,9.0,72.0,1281.32,1515.54,50.0,-1465.54,1465.54,≥9,1250,0,142.36888888888888,8.0,public
360,10.0,215.0,2440.91,1638.66,50.0,-1588.66,1588.66,≥9,2250,200,244.09099999999998,21.5,public
361,7.0,671.0,1297.02,1703.2,50.0,-1653.2,1653.2,6–8,1250,600,185.28857142857143,95.85714285714286,public
362,5.0,230.0,333.69,538.36,50.0,-488.36,488.36,5,250,200,66.738,46.0,public
363,5.0,467.0,1243.31,1549.82,50.0,-1499.82,1499.82,5,1000,400,248.66199999999998,93.4,public
364,13.0,247.0,2339.61,1705.9,50.0,-1655.9,1655.9,≥9,2250,200,179.97,19.0,public
365,14.0,777.0,1248.61,1837.25,50.0,-1787.25,1787.25,≥9,1000,600,89.18642857142856,55.5,public
366,11.0,740.0,1171.99,902.09,50.0,-852.09,852.09,≥9,1000,600,106.54454545454546,67.27272727272727,public
367,6.0,884.0,1798.31,1897.87,50.0,-1847.87,1847.87,6–8,1750,800,299.7183333333333,147.33333333333334,public
368,5.0,789.0,1853.31,1792.88,50.0,-1742.88,1742.88,5,1750,600,370.662,157.8,public
369,4.0,825.0,874.99,784.52,50.0,-734.52,734.52,≤4,750,800,218.7475,206.25,public
370,2.0,301.0,769.23,731.28,50.0,-681.28,681.28,≤4,750,200,384.615,150.5,public
371,12.0,1007.0,1353.77,1925.32,50.0,-1875.32,1875.32,≥9,1250,1000,112.81416666666667,83.91666666666667,public
372,5.0,865.0,644.79,1202.46,50.0,-1152.46,1152.46,5,500,800,128.958,173.0,public
373,14.0,81.0,1251.97,1682.62,50.0,-1632.62,1632.62,≥9,1250,0,89.42642857142857,5.785714285714286,public
374,8.0,1159.0,2175.27,1752.18,50.0,-1702.18,1702.18,6–8,2000,1000,271.90875,144.875,public
375,11.0,496.0,373.98,1152.99,50.0,-1102.99,1102.99,≥9,250,400,33.99818181818182,45.09090909090909,public
376,1.0,752.0,1632.35,1362.39,50.0,-1312.39,1312.39,≤4,1500,600,1632.35,752.0,public
377,5.0,1014.0,1853.57,1749.31,50.0,-1699.31,1699.31,5,1750,1000,370.714,202.8,public
378,9.0,686.0,145.66,972.95,50.0,-922.95,922.95,≥9,0,600,16.184444444444445,76.22222222222223,public
379,5.0,654.0,1272.89,1724.68,50.0,-1674.68,1674.68,5,1250,600,254.57800000000003,130.8,public
380,8.0,621.0,2391.34,1593.12,50.0,-1543.12,1543.12,6–8,2250,600,298.9175,77.625,public
381,9.0,1080.0,539.51,1306.91,50.0,-1256.91,1256.91,≥9,500,1000,59.94555555555556,120.0,public
382,10.0,714.0,269.06,1067.81,50.0,-1017.81,1017.81,≥9,250,600,26.906,71.4,public
383,10.0,816.0,1425.64,1872.81,50.0,-1822.81,1822.81,≥9,1250,800,142.56400000000002,81.6,public
384,14.0,1122.0,1766.25,2239.35,50.0,-2189.35,2189.35,≥9,1750,1000,126.16071428571429,80.14285714285714,public
385,4.0,1202.0,1074.87,1501.24,50.0,-1451.24,1451.24,≤4,1000,1200,268.7175,300.5,public
386,5.0,651.0,1573.3,1682.08,50.0,-1632.08,1632.08,5,1500,600,314.65999999999997,130.2,public
387,14.0,1100.0,237.69,1265.57,50.0,-1215.57,1215.57,≥9,0,1000,16.977857142857143,78.57142857142857,public
388,14.0,296.0,485.68,924.9,50.0,-874.9,874.9,≥9,250,200,34.691428571428574,21.142857142857142,public
389,1.0,697.0,2148.5,1421.07,50.0,-1371.07,1371.07,≤4,2000,600,2148.5,697.0,public
390,6.0,1044.0,47.46,1133.45,50.0,-1083.45,1083.45,6–8,0,1000,7.91,174.0,public
391,12.0,398.0,2481.44,1755.18,50.0,-1705.18,1705.18,≥9,2250,200,206.78666666666666,33.166666666666664,public
392,3.0,139.0,2428.89,1345.66,50.0,-1295.66,1295.66,≤4,2250,0,809.63,46.333333333333336,public
393,6.0,84.0,852.7,1109.32,50.0,-1059.32,1059.32,6–8,750,0,142.11666666666667,14.0,public
394,2.0,423.0,1639.17,1367.64,50.0,-1317.64,1317.64,≤4,1500,400,819.585,211.5,public
395,11.0,815.0,2385.6,1872.44,50.0,-1822.44,1822.44,≥9,2250,800,216.87272727272727,74.0909090909091,public
396,6.0,577.0,897.74,1257.31,50.0,-1207.31,1207.31,6–8,750,400,149.62333333333333,96.16666666666667,public
397,8.0,200.0,1508.89,1461.33,50.0,-1411.33,1411.33,6–8,1500,200,188.61125,25.0,public
398,9.0,1102.0,540.6,1455.85,50.0,-1405.85,1405.85,≥9,500,1000,60.06666666666667,122.44444444444444,public
399,12.0,508.0,1970.54,1770.91,50.0,-1720.91,1720.91,≥9,1750,400,164.21166666666667,42.333333333333336,public
400,13.0,1024.0,1712.85,2097.69,50.0,-2047.69,2047.69,≥9,1500,1000,131.7576923076923,78.76923076923077,public
401,7.0,1161.0,1499.97,1862.45,50.0,-1812.45,1812.45,6–8,1250,1000,214.28142857142856,165.85714285714286,public
402,2.0,730.0,285.24,624.78,50.0,-574.78,574.78,≤4,250,600,142.62,365.0,public
403,13.0,996.0,1809.2,1956.89,50.0,-1906.89,1906.89,≥9,1750,800,139.16923076923078,76.61538461538461,public
404,5.0,1160.0,1901.83,1673.89,50.0,-1623.89,1623.89,5,1750,1000,380.366,232.0,public
405,2.0,1139.0,306.43,726.14,50.0,-676.14,676.14,≤4,250,1000,153.215,569.5,public
406,14.0,191.0,2442.76,1798.47,50.0,-1748.47,1748.47,≥9,2250,0,174.48285714285717,13.642857142857142,public
407,7.0,776.0,2447.82,1826.93,50.0,-1776.93,1776.93,6–8,2250,600,349.68857142857144,110.85714285714286,public
408,14.0,414.0,1919.7,1918.89,50.0,-1868.89,1868.89,≥9,1750,400,137.12142857142857,29.571428571428573,public
409,7.0,847.0,1994.62,1851.7,50.0,-1801.7,1801.7,6–8,1750,800,284.94571428571425,121.0,public
410,6.0,924.0,1227.21,1871.76,50.0,-1821.76,1821.76,6–8,1000,800,204.535,154.0,public
411,2.0,933.0,1589.58,1489.99,50.0,-1439.99,1439.99,≤4,1500,800,794.79,466.5,public
412,1.0,211.0,958.08,891.9,50.0,-841.9,841.9,≤4,750,200,958.08,211.0,public
413,10.0,773.0,865.92,1837.11,50.0,-1787.11,1787.11,≥9,750,600,86.592,77.3,public
414,3.0,196.0,1211.68,1229.87,50.0,-1179.87,1179.87,≤4,1000,0,403.8933333333334,65.33333333333333,public
415,14.0,49.0,954.02,1480.87,50.0,-1430.87,1430.87,≥9,750,0,68.14428571428572,3.5,public
416,5.0,477.0,655.24,935.38,50.0,-885.38,885.38,5,500,400,131.048,95.4,public
417,5.0,828.0,1606.84,1690.82,50.0,-1640.82,1640.82,5,1500,800,321.368,165.6,public
418,11.0,458.0,1364.29,1649.04,50.0,-1599.04,1599.04,≥9,1250,400,124.02636363636363,41.63636363636363,public
419,3.0,289.0,1245.67,1279.31,50.0,-1229.31,1229.31,≤4,1000,200,415.22333333333336,96.33333333333333,public
420,1.0,1060.0,501.67,658.14,50.0,-608.14,608.14,≤4,500,1000,501.67,1060.0,public
421,5.0,1085.0,2486.43,1664.83,50.0,-1614.83,1614.83,5,2250,1000,497.28599999999994,217.0,public
422,4.0,675.0,381.48,779.68,50.0,-729.68,729.68,≤4,250,600,95.37,168.75,public
423,8.0,415.0,1214.97,1473.75,50.0,-1423.75,1423.75,6–8,1000,400,151.87125,51.875,public
424,6.0,425.0,709.75,1114.9,50.0,-1064.9,1064.9,6–8,500,400,118.29166666666667,70.83333333333333,public
425,7.0,313.0,2408.02,1637.65,50.0,-1587.65,1587.65,6–8,2250,200,344.0028571428571,44.714285714285715,public
426,13.0,235.0,426.07,897.26,50.0,-847.26,847.26,≥9,250,200,32.77461538461539,18.076923076923077,public
427,7.0,635.0,1406.31,1630.66,50.0,-1580.66,1580.66,6–8,1250,600,200.90142857142857,90.71428571428571,public
428,10.0,1009.0,2164.22,1889.87,50.0,-1839.87,1839.87,≥9,2000,1000,216.42199999999997,100.9,public
429,3.0,692.0,450.7,748.57,50.0,-698.57,698.57,≤4,250,600,150.23333333333332,230.66666666666666,public
430,2.0,91.0,1073.76,1013.78,50.0,-963.78,963.78,≤4,1000,0,536.88,45.5,public
431,8.0,1187.0,1045.91,2047.06,50.0,-1997.06,1997.06,6–8,1000,1000,130.73875,148.375,public
432,14.0,600.0,1120.05,1847.84,50.0,-1797.84,1797.84,≥9,1000,600,80.00357142857142,42.857142857142854,public
433,5.0,210.0,710.49,483.34,50.0,-433.34,433.34,5,500,200,142.098,42.0,public
434,12.0,10.0,1203.1,1564.9,50.0,-1514.9,1514.9,≥9,1000,0,100.25833333333333,0.8333333333333334,public
435,1.0,452.0,275.05,282.89,50.0,-232.89,232.89,≤4,250,400,275.05,452.0,public
436,4.0,256.0,2218.74,1476.03,50.0,-1426.03,1426.03,≤4,2000,200,554.685,64.0,public
437,8.0,312.0,2383.17,1557.27,50.0,-1507.27,1507.27,6–8,2250,200,297.89625,39.0,public
438,2.0,1175.0,816.2,1237.62,50.0,-1187.62,1187.62,≤4,750,1000,408.1,587.5,public
439,11.0,960.0,383.64,1248.46,50.0,-1198.46,1198.46,≥9,250,800,34.876363636363635,87.27272727272727,public
440,6.0,690.0,1009.37,1559.83,50.0,-1509.83,1509.83,6–8,1000,600,168.22833333333332,115.0,public
441,14.0,487.0,579.29,1516.68,50.0,-1466.68,1466.68,≥9,500,400,41.37785714285714,34.785714285714285,public
442,8.0,75.0,315.71,593.83,50.0,-543.83,543.83,6–8,250,0,39.46375,9.375,public
443,13.0,360.0,271.93,1017.64,50.0,-967.64,967.64,≥9,250,200,20.91769230769231,27.692307692307693,public
444,11.0,708.0,1871.77,1916.37,50.0,-1866.37,1866.37,≥9,1750,600,170.1609090909091,64.36363636363636,public
445,3.0,182.0,347.82,384.77,50.0,-334.77,334.77,≤4,250,0,115.94,60.666666666666664,public
446,10.0,683.0,2442.92,1643.68,50.0,-1593.68,1593.68,≥9,2250,600,244.292,68.3,public
447,5.0,392.0,1264.6,1465.72,50.0,-1415.72,1415.72,5,1250,200,252.92,78.4,public
448,10.0,175.0,1443.25,1635.5,50.0,-1585.5,1585.5,≥9,1250,0,144.325,17.5,public
449,7.0,577.0,1959.13,1603.6,50.0,-1553.6,1553.6,6–8,1750,400,279.8757142857143,82.42857142857143,public
450,13.0,799.0,951.92,1793.36,50.0,-1743.36,1743.36,≥9,750,600,73.22461538461538,61.46153846153846,public
451,13.0,608.0,370.89,1170.54,50.0,-1120.54,1120.54,≥9,250,600,28.529999999999998,46.76923076923077,public
452,7.0,194.0,202.49,686.23,50.0,-636.23,636.23,6–8,0,0,28.927142857142858,27.714285714285715,public
453,13.0,889.0,232.72,1394.38,50.0,-1344.38,1344.38,≥9,0,800,17.90153846153846,68.38461538461539,public
454,7.0,901.0,136.8,1222.6,50.0,-1172.6,1172.6,6–8,0,800,19.542857142857144,128.71428571428572,public
455,1.0,698.0,1525.82,1398.75,50.0,-1348.75,1348.75,≤4,1500,600,1525.82,698.0,public
456,9.0,592.0,793.55,1235.69,50.0,-1185.69,1185.69,≥9,750,400,88.17222222222222,65.77777777777777,public
457,14.0,1015.0,871.76,1846.41,50.0,-1796.41,1796.41,≥9,750,1000,62.26857142857143,72.5,public
458,9.0,524.0,136.46,848.89,50.0,-798.89,798.89,≥9,0,400,15.162222222222223,58.22222222222222,public
459,5.0,781.0,2114.27,1789.85,50.0,-1739.85,1739.85,5,2000,600,422.854,156.2,public
460,3.0,200.0,58.24,494.63,50.0,-444.63,444.63,≤4,0,200,19.413333333333334,66.66666666666667,public
461,5.0,503.0,2335.55,1649.42,50.0,-1599.42,1599.42,5,2250,400,467.11,100.6,public
462,11.0,667.0,2221.67,1872.89,50.0,-1822.89,1822.89,≥9,2000,600,201.97,60.63636363636363,public
463,7.0,336.0,1843.58,1691.68,50.0,-1641.68,1641.68,6–8,1750,200,263.36857142857144,48.0,public
464,4.0,217.0,1506.46,1455.37,50.0,-1405.37,1405.37,≤4,1500,200,376.615,54.25,public
465,8.0,207.0,1146.93,1479.01,50.0,-1429.01,1429.01,6–8,1000,200,143.36625,25.875,public
466,7.0,690.0,1807.71,1710.98,50.0,-1660.98,1660.98,6–8,1750,600,258.2442857142857,98.57142857142857,public
467,2.0,251.0,1916.43,1285.2,50.0,-1235.2,1235.2,≤4,1750,200,958.215,125.5,public
468,4.0,627.0,956.98,1337.63,50.0,-1287.63,1287.63,≤4,750,600,239.245,156.75,public
469,1.0,432.0,581.71,448.34,50.0,-398.34,398.34,≤4,500,400,581.71,432.0,public
470,4.0,1194.0,2250.51,1691.15,50.0,-1641.15,1641.15,≤4,2250,1000,562.6275,298.5,public
471,10.0,64.0,455.9,774.64,50.0,-724.64,724.64,≥9,250,0,45.589999999999996,6.4,public
472,8.0,15.0,377.85,657.8,50.0,-607.8,607.8,6–8,250,0,47.23125,1.875,public
473,11.0,741.0,1207.39,1878.06,50.0,-1828.06,1828.06,≥9,1000,600,109.76272727272728,67.36363636363636,public
474,8.0,638.0,1007.48,1483.06,50.0,-1433.06,1433.06,6–8,1000,600,125.935,79.75,public
475,12.0,965.0,1700.28,1879.09,50.0,-1829.09,1829.09,≥9,1500,800,141.69,80.41666666666667,public
476,8.0,1182.0,990.07,1840.75,50.0,-1790.75,1790.75,6–8,750,1000,123.75875,147.75,public
477,13.0,1062.0,869.28,2090.54,50.0,-2040.54,2040.54,≥9,750,1000,66.86769230769231,81.6923076923077,public
478,1.0,754.0,1220.47,1346.14,50.0,-1296.14,1296.14,≤4,1000,600,1220.47,754.0,public
479,14.0,767.0,186.47,1292.77,50.0,-1242.77,1242.77,≥9,0,600,13.319285714285714,54.785714285714285,public
480,11.0,775.0,1752.23,1809.29,50.0,-1759.29,1759.29,≥9,1750,600,159.29363636363635,70.45454545454545,public
481,8.0,592.0,1402.98,1561.41,50.0,-1511.41,1511.41,6–8,1250,400,175.3725,74.0,public
482,6.0,957.0,727.75,1448.72,50.0,-1398.72,1398.72,6–8,500,800,121.29166666666667,159.5,public
483,9.0,800.0,2167.72,1726.51,50.0,-1676.51,1676.51,≥9,2000,800,240.85777777777776,88.88888888888889,public
484,6.0,1198.0,222.6,1107.96,50.0,-1057.96,1057.96,6–8,0,1000,37.1,199.66666666666666,public
485,3.0,1092.0,1737.65,1462.01,50.0,-1412.01,1412.01,≤4,1500,1000,579.2166666666667,364.0,public
486,12.0,958.0,2499.84,1791.69,50.0,-1741.69,1741.69,≥9,2250,800,208.32000000000002,79.83333333333333,public
487,11.0,955.0,1282.19,2000.42,50.0,-1950.42,1950.42,≥9,1250,800,116.56272727272727,86.81818181818181,public
488,11.0,605.0,1880.69,1711.55,50.0,-1661.55,1661.55,≥9,1750,600,170.97181818181818,55.0,public
489,7.0,670.0,1558.02,1702.81,50.0,-1652.81,1652.81,6–8,1500,600,222.5742857142857,95.71428571428571,public
490,11.0,844.0,1962.77,1787.57,50.0,-1737.57,1737.57,≥9,1750,800,178.43363636363637,76.72727272727273,public
491,3.0,718.0,1158.02,1416.98,50.0,-1366.98,1366.98,≤4,1000,600,386.00666666666666,239.33333333333334,public
492,6.0,323.0,1477.23,1608.55,50.0,-1558.55,1558.55,6–8,1250,200,246.205,53.833333333333336,public
493,14.0,616.0,2374.41,1828.37,50.0,-1778.37,1778.37,≥9,2250,600,169.60071428571428,44.0,public
494,8.0,752.0,1519.78,1662.92,50.0,-1612.92,1612.92,6–8,1500,600,189.9725,94.0,public
495,1.0,1166.0,1423.69,1412.13,50.0,-1362.13,1362.13,≤4,1250,1000,1423.69,1166.0,public
496,3.0,1187.0,1632.14,1451.85,50.0,-1401.85,1401.85,≤4,1500,1000,544.0466666666667,395.6666666666667,public
497,3.0,1013.0,166.52,711.07,50.0,-661.07,661.07,≤4,0,1000,55.50666666666667,337.6666666666667,public
498,5.0,741.0,429.24,951.92,50.0,-901.92,901.92,5,250,600,85.848,148.2,public
499,14.0,467.0,2176.26,1809.83,50.0,-1759.83,1759.83,≥9,2000,400,155.44714285714286,33.357142857142854,public
500,3.0,224.0,358.77,406.36,50.0,-356.36,356.36,≤4,250,200,119.58999999999999,74.66666666666667,public
501,3.0,712.0,512.23,751.16,50.0,-701.16,701.16,≤4,500,600,170.74333333333334,237.33333333333334,public
502,12.0,218.0,901.03,1371.86,50.0,-1321.86,1321.86,≥9,750,200,75.08583333333333,18.166666666666668,public
503,6.0,373.0,587.38,956.61,50.0,-906.61,906.61,6–8,500,200,97.89666666666666,62.166666666666664,public
504,8.0,562.0,2479.33,1478.31,50.0,-1428.31,1428.31,6–8,2250,400,309.91625,70.25,public
505,5.0,132.0,2387.03,1454.05,50.0,-1404.05,1404.05,5,2250,0,477.40600000000006,26.4,public
506,3.0,98.0,871.46,866.05,50.0,-816.05,816.05,≤4,750,0,290.4866666666667,32.666666666666664,public
507,14.0,545.0,1206.76,1977.89,50.0,-1927.89,1927.89,≥9,1000,400,86.19714285714285,38.92857142857143,public
508,1.0,869.0,1498.88,1398.94,50.0,-1348.94,1348.94,≤4,1250,800,1498.88,869.0,public
509,2.0,875.0,393.25,640.56,50.0,-590.56,590.56,≤4,250,800,196.625,437.5,public
510,8.0,888.0,2296.07,1718.71,50.0,-1668.71,1668.71,6–8,2250,800,287.00875,111.0,public
511,1.0,716.0,1396.41,1376.59,50.0,-1326.59,1326.59,≤4,1250,600,1396.41,716.0,public
512,8.0,1025.0,1031.33,2214.64,50.0,-2164.64,2164.64,6–8,1000,1000,128.91625,128.125,public
513,9.0,1064.0,2016.76,1810.94,50.0,-1760.94,1760.94,≥9,2000,1000,224.08444444444444,118.22222222222223,public
514,4.0,463.0,1963.41,1607.34,50.0,-1557.34,1557.34,≤4,1750,400,490.8525,115.75,public
515,1.0,678.0,1478.57,1370.31,50.0,-1320.31,1320.31,≤4,1250,600,1478.57,678.0,public
516,1.0,436.0,1358.14,1154.03,50.0,-1104.03,1104.03,≤4,1250,400,1358.14,436.0,public
517,5.0,586.0,2135.36,1661.61,50.0,-1611.61,1611.61,5,2000,400,427.072,117.2,public
518,1.0,797.0,126.8,543.18,50.0,-493.17999999999995,493.17999999999995,≤4,0,600,126.8,797.0,public
519,14.0,481.0,939.99,877.17,50.0,-827.17,827.17,≥9,750,400,67.14214285714286,34.357142857142854,public
520,7.0,172.0,1486.86,1557.94,50.0,-1507.94,1507.94,6–8,1250,0,212.4085714285714,24.571428571428573,public
521,10.0,1192.0,23.47,1157.87,50.0,-1107.87,1107.87,≥9,0,1000,2.347,119.2,public
522,7.0,981.0,658.85,1351.69,50.0,-1301.69,1301.69,6–8,500,800,94.12142857142858,140.14285714285714,public
523,10.0,692.0,1671.71,1701.23,50.0,-1651.23,1651.23,≥9,1500,600,167.171,69.2,public
524,13.0,710.0,2223.86,1979.83,50.0,-1929.83,1929.83,≥9,2000,600,171.06615384615387,54.61538461538461,public
525,12.0,380.0,1526.79,1787.41,50.0,-1737.41,1737.41,≥9,1500,200,127.2325,31.666666666666668,public
526,3.0,133.0,1728.5,1373.4,50.0,-1323.4,1323.4,≤4,1500,0,576.1666666666666,44.333333333333336,public
527,4.0,730.0,799.25,1250.66,50.0,-1200.66,1200.66,≤4,750,600,199.8125,182.5,public
528,12.0,1070.0,1055.51,2030.76,50.0,-1980.76,1980.76,≥9,1000,1000,87.95916666666666,89.16666666666667,public
529,8.0,1185.0,554.98,1545.67,50.0,-1495.67,1495.67,6–8,500,1000,69.3725,148.125,public
530,11.0,456.0,2223.72,1600.1,50.0,-1550.1,1550.1,≥9,2000,400,202.1563636363636,41.45454545454545,public
531,12.0,85.0,1056.43,1466.31,50.0,-1416.31,1416.31,≥9,1000,0,88.03583333333334,7.083333333333333,public
532,2.0,543.0,103.37,544.12,50.0,-494.12,494.12,≤4,0,400,51.685,271.5,public
533,6.0,367.0,1947.68,1606.76,50.0,-1556.76,1556.76,6–8,1750,200,324.61333333333334,61.166666666666664,public
534,1.0,481.0,1792.17,1215.84,50.0,-1165.84,1165.84,≤4,1750,400,1792.17,481.0,public
535,5.0,233.0,1862.04,1562.23,50.0,-1512.23,1512.23,5,1750,200,372.408,46.6,public
536,1.0,45.0,1070.22,922.69,50.0,-872.69,872.69,≤4,1000,0,1070.22,45.0,public
537,5.0,152.0,2444.81,1523.75,50.0,-1473.75,1473.75,5,2250,0,488.962,30.4,public
538,7.0,344.0,1242.05,1514.4,50.0,-1464.4,1464.4,6–8,1000,200,177.43571428571428,49.142857142857146,public
539,5.0,320.0,1584.55,1584.73,50.0,-1534.73,1534.73,5,1500,200,316.90999999999997,64.0,public
540,9.0,989.0,378.12,1193.72,50.0,-1143.72,1143.72,≥9,250,800,42.013333333333335,109.88888888888889,public
541,10.0,57.0,936.89,1237.07,50.0,-1187.07,1187.07,≥9,750,0,93.689,5.7,public
542,12.0,342.0,2253.61,1659.5,50.0,-1609.5,1609.5,≥9,2250,200,187.80083333333334,28.5,public
543,2.0,983.0,2109.93,1519.98,50.0,-1469.98,1469.98,≤4,2000,800,1054.965,491.5,public
544,10.0,886.0,1990.03,1749.93,50.0,-1699.93,1699.93,≥9,1750,800,199.003,88.6,public
545,10.0,5.0,836.86,1116.56,50.0,-1066.56,1066.56,≥9,750,0,83.686,0.5,public
546,3.0,80.0,517.54,457.49,50.0,-407.49,407.49,≤4,500,0,172.51333333333332,26.666666666666668,public
547,8.0,482.0,1411.49,631.81,50.0,-581.81,581.81,6–8,1250,400,176.43625,60.25,public
548,4.0,11.0,312.01,426.22,50.0,-376.22,376.22,≤4,250,0,78.0025,2.75,public
549,12.0,1075.0,2328.11,1798.38,50.0,-1748.38,1748.38,≥9,2250,1000,194.0091666666667,89.58333333333333,public
550,13.0,632.0,268.91,1396.28,50.0,-1346.28,1346.28,≥9,250,600,20.685384615384617,48.61538461538461,public
551,8.0,323.0,46.48,703.45,50.0,-653.45,653.45,6–8,0,200,5.81,40.375,public
552,11.0,527.0,1550.32,1806.06,50.0,-1756.06,1756.06,≥9,1500,400,140.93818181818182,47.90909090909091,public
553,5.0,948.0,898.6,1499.68,50.0,-1449.68,1449.68,5,750,800,179.72,189.6,public
554,5.0,504.0,1502.63,1628.66,50.0,-1578.66,1578.66,5,1500,400,300.526,100.8,public
555,10.0,793.0,1422.29,2007.62,50.0,-1957.62,1957.62,≥9,1250,600,142.22899999999998,79.3,public
556,13.0,32.0,232.43,805.12,50.0,-755.12,755.12,≥9,0,0,17.87923076923077,2.4615384615384617,public
557,9.0,768.0,1815.6,1666.18,50.0,-1616.18,1616.18,≥9,1750,600,201.73333333333332,85.33333333333333,public
558,9.0,994.0,1742.62,1849.58,50.0,-1799.58,1799.58,≥9,1500,800,193.62444444444444,110.44444444444444,public
559,1.0,1105.0,1432.3,1387.17,50.0,-1337.17,1337.17,≤4,1250,1000,1432.3,1105.0,public
560,12.0,178.0,507.59,907.19,50.0,-857.19,857.19,≥9,500,0,42.299166666666665,14.833333333333334,public
561,10.0,472.0,431.95,924.65,50.0,-874.65,874.65,≥9,250,400,43.195,47.2,public
562,5.0,716.0,1111.23,1492.08,50.0,-1442.08,1442.08,5,1000,600,222.246,143.2,public
563,3.0,771.0,725.67,1166.93,50.0,-1116.93,1116.93,≤4,500,600,241.89,257.0,public
564,13.0,1054.0,1131.25,2162.03,50.0,-2112.03,2112.03,≥9,1000,1000,87.01923076923077,81.07692307692308,public
565,10.0,872.0,2191.27,1776.62,50.0,-1726.62,1726.62,≥9,2000,800,219.127,87.2,public
566,12.0,1077.0,32.55,1387.43,50.0,-1337.43,1337.43,≥9,0,1000,2.7125,89.75,public
567,12.0,211.0,749.56,1285.23,50.0,-1235.23,1235.23,≥9,500,200,62.46333333333333,17.583333333333332,public
568,4.0,199.0,1310.01,1400.57,50.0,-1350.57,1350.57,≤4,1250,0,327.5025,49.75,public
569,2.0,1029.0,1702.6,1577.55,50.0,-1527.55,1527.55,≤4,1500,1000,851.3,514.5,public
570,10.0,643.0,2263.77,1685.92,50.0,-1635.92,1635.92,≥9,2250,600,226.377,64.3,public
571,10.0,797.0,1706.73,1724.42,50.0,-1674.42,1674.42,≥9,1500,600,170.673,79.7,public
572,12.0,657.0,322.5,1113.16,50.0,-1063.16,1063.16,≥9,250,600,26.875,54.75,public
573,8.0,177.0,486.06,751.58,50.0,-701.58,701.58,6–8,250,0,60.7575,22.125,public
574,2.0,222.0,456.24,437.4,50.0,-387.4,387.4,≤4,250,200,228.12,111.0,public
575,3.0,555.0,2342.76,1458.63,50.0,-1408.63,1408.63,≤4,2250,400,780.9200000000001,185.0,public
576,2.0,785.0,1964.63,1522.76,50.0,-1472.76,1472.76,≤4,1750,600,982.315,392.5,public
577,5.0,104.0,281.67,464.68,50.0,-414.68,414.68,5,250,0,56.334,20.8,public
578,1.0,673.0,2026.16,1372.83,50.0,-1322.83,1322.83,≤4,2000,600,2026.16,673.0,public
579,10.0,877.0,1711.12,1897.37,50.0,-1847.37,1847.37,≥9,1500,800,171.112,87.7,public
580,1.0,250.0,1300.17,1145.33,50.0,-1095.33,1095.33,≤4,1250,200,1300.17,250.0,public
581,1.0,467.0,296.49,221.23,50.0,-171.23,171.23,≤4,250,400,296.49,467.0,public
582,10.0,1026.0,828.82,1865.67,50.0,-1815.67,1815.67,≥9,750,1000,82.882,102.6,public
583,11.0,1106.0,2250.54,2050.62,50.0,-2000.62,2000.62,≥9,2250,1000,204.59454545454545,100.54545454545455,public
584,12.0,452.0,816.56,1243.1,50.0,-1193.1,1193.1,≥9,750,400,68.04666666666667,37.666666666666664,public
585,14.0,865.0,2497.16,1885.87,50.0,-1835.87,1835.87,≥9,2250,800,178.3685714285714,61.785714285714285,public
586,8.0,107.0,2450.89,1468.19,50.0,-1418.19,1418.19,6–8,2250,0,306.36125,13.375,public
587,8.0,80.0,1092.18,1365.73,50.0,-1315.73,1315.73,6–8,1000,0,136.5225,10.0,public
588,8.0,945.0,766.98,1625.53,50.0,-1575.53,1575.53,6–8,750,800,95.8725,118.125,public
589,13.0,1140.0,1607.8,2214.64,50.0,-2164.64,2164.64,≥9,1500,1000,123.67692307692307,87.6923076923077,public
590,2.0,636.0,1438.19,1435.96,50.0,-1385.96,1385.96,≤4,1250,600,719.095,318.0,public
591,14.0,865.0,1422.11,1921.18,50.0,-1871.18,1871.18,≥9,1250,800,101.5792857142857,61.785714285714285,public
592,12.0,482.0,1710.47,1746.74,50.0,-1696.74,1696.74,≥9,1500,400,142.53916666666666,40.166666666666664,public
593,2.0,68.0,756.61,648.53,50.0,-598.53,598.53,≤4,750,0,378.305,34.0,public
594,14.0,512.0,526.84,1306.64,50.0,-1256.64,1256.64,≥9,500,400,37.63142857142857,36.57142857142857,public
595,14.0,1001.0,1647.24,2080.0,50.0,-2030.0,2030.0,≥9,1500,1000,117.66,71.5,public
596,1.0,547.0,573.6,616.27,50.0,-566.27,566.27,≤4,500,400,573.6,547.0,public
597,10.0,5.0,1338.9,1610.25,50.0,-1560.25,1560.25,≥9,1250,0,133.89000000000001,0.5,public
598,3.0,1158.0,1107.4,1361.3,50.0,-1311.3,1311.3,≤4,1000,1000,369.1333333333334,386.0,public
599,1.0,993.0,1143.58,1328.85,50.0,-1278.85,1278.85,≤4,1000,800,1143.58,993.0,public
600,6.0,378.0,837.63,1215.96,50.0,-1165.96,1165.96,6–8,750,200,139.605,63.0,public
601,11.0,1156.0,2231.86,1988.56,50.0,-1938.56,1938.56,≥9,2000,1000,202.89636363636365,105.0909090909091,public
602,5.0,1050.0,882.86,1430.04,50.0,-1380.04,1380.04,5,750,1000,176.572,210.0,public
603,8.0,836.0,735.52,1606.63,50.0,-1556.63,1556.63,6–8,500,800,91.94,104.5,public
604,11.0,654.0,1516.42,1870.43,50.0,-1820.43,1820.43,≥9,1500,600,137.85636363636365,59.45454545454545,public
605,8.0,633.0,1308.36,1639.12,50.0,-1589.12,1589.12,6–8,1250,600,163.545,79.125,public
606,12.0,713.0,1642.01,1873.19,50.0,-1823.19,1823.19,≥9,1500,600,136.83416666666668,59.416666666666664,public
607,5.0,96.0,1105.47,1312.16,50.0,-1262.16,1262.16,5,1000,0,221.094,19.2,public
608,7.0,1054.0,576.47,1344.18,50.0,-1294.18,1294.18,6–8,500,1000,82.35285714285715,150.57142857142858,public
609,12.0,495.0,1948.13,1831.92,50.0,-1781.92,1781.92,≥9,1750,400,162.34416666666667,41.25,public
610,1.0,1068.0,2011.28,1421.45,50.0,-1371.45,1371.45,≤4,2000,1000,2011.28,1068.0,public
611,7.0,1000.0,1620.46,1971.23,50.0,-1921.23,1921.23,6–8,1500,1000,231.49428571428572,142.85714285714286,public
612,13.0,855.0,1798.75,1951.77,50.0,-1901.77,1901.77,≥9,1750,800,138.3653846153846,65.76923076923077,public
613,8.0,544.0,1279.51,1483.77,50.0,-1433.77,1433.77,6–8,1250,400,159.93875,68.0,public
614,11.0,816.0,544.99,1077.12,50.0,-1027.12,1027.12,≥9,500,800,49.54454545454546,74.18181818181819,public
615,5.0,1080.0,2383.82,1664.76,50.0,-1614.76,1614.76,5,2250,1000,476.764,216.0,public
616,8.0,1124.0,1908.69,1833.27,50.0,-1783.27,1783.27,6–8,1750,1000,238.58625,140.5,public
617,3.0,29.0,1632.85,1269.1,50.0,-1219.1,1219.1,≤4,1500,0,544.2833333333333,9.666666666666666,public
618,6.0,470.0,2235.72,1628.6,50.0,-1578.6,1578.6,6–8,2000,400,372.61999999999995,78.33333333333333,public
619,7.0,287.0,2293.5,1558.09,50.0,-1508.09,1508.09,6–8,2250,200,327.64285714285717,41.0,public
620,4.0,72.0,1367.29,1302.97,50.0,-1252.97,1252.97,≤4,1250,0,341.8225,18.0,public
621,6.0,344.0,233.31,800.18,50.0,-750.18,750.18,6–8,0,200,38.885,57.333333333333336,public
622,8.0,801.0,1241.21,1780.65,50.0,-1730.65,1730.65,6–8,1000,800,155.15125,100.125,public
623,5.0,629.0,484.34,1029.87,50.0,-979.8699999999999,979.8699999999999,5,250,600,96.868,125.8,public
624,11.0,327.0,961.08,1356.46,50.0,-1306.46,1306.46,≥9,750,200,87.3709090909091,29.727272727272727,public
625,14.0,94.0,105.94,1180.63,50.0,-1130.63,1130.63,≥9,0,0,7.567142857142857,6.714285714285714,public
626,4.0,1113.0,2103.82,1695.08,50.0,-1645.08,1645.08,≤4,2000,1000,525.955,278.25,public
627,14.0,267.0,2090.21,1968.4,50.0,-1918.4,1918.4,≥9,2000,200,149.3007142857143,19.071428571428573,public
628,1.0,979.0,1292.54,1313.53,50.0,-1263.53,1263.53,≤4,1250,800,1292.54,979.0,public
629,10.0,625.0,519.94,1229.41,50.0,-1179.41,1179.41,≥9,500,600,51.99400000000001,62.5,public
630,14.0,457.0,848.61,1492.64,50.0,-1442.64,1442.64,≥9,750,400,60.615,32.642857142857146,public
631,11.0,398.0,723.39,1154.77,50.0,-1104.77,1104.77,≥9,500,200,65.76272727272728,36.18181818181818,public
632,14.0,68.0,438.96,866.76,50.0,-816.76,816.76,≥9,250,0,31.354285714285712,4.857142857142857,public
633,3.0,769.0,2497.93,1587.8,50.0,-1537.8,1537.8,≤4,2250,600,832.6433333333333,256.3333333333333,public
634,13.0,694.0,1054.31,1815.02,50.0,-1765.02,1765.02,≥9,1000,600,81.10076923076923,53.38461538461539,public
635,12.0,1088.0,1977.91,1883.21,50.0,-1833.21,1833.21,≥9,1750,1000,164.82583333333335,90.66666666666667,public
636,9.0,101.0,950.23,1281.64,50.0,-1231.64,1231.64,≥9,750,0,105.58111111111111,11.222222222222221,public
637,1.0,170.0,2452.85,1209.08,50.0,-1159.08,1159.08,≤4,2250,0,2452.85,170.0,public
638,12.0,1135.0,475.95,1447.39,50.0,-1397.39,1397.39,≥9,250,1000,39.6625,94.58333333333333,public
639,3.0,1109.0,2092.26,1436.66,50.0,-1386.66,1386.66,≤4,2000,1000,697.4200000000001,369.6666666666667,public
640,7.0,753.0,358.13,1084.79,50.0,-1034.79,1034.79,6–8,250,600,51.16142857142857,107.57142857142857,public
641,2.0,521.0,467.19,667.85,50.0,-617.85,617.85,≤4,250,400,233.595,260.5,public
642,12.0,1003.0,983.23,1996.18,50.0,-1946.18,1946.18,≥9,750,1000,81.93583333333333,83.58333333333333,public
643,3.0,269.0,708.05,799.12,50.0,-749.12,749.12,≤4,500,200,236.01666666666665,89.66666666666667,public
644,14.0,646.0,2418.19,1931.21,50.0,-1881.21,1881.21,≥9,2250,600,172.72785714285715,46.142857142857146,public
645,14.0,1153.0,346.58,1292.93,50.0,-1242.93,1242.93,≥9,250,1000,24.755714285714284,82.35714285714286,public
646,4.0,18.0,289.06,380.88,50.0,-330.88,330.88,≤4,250,0,72.265,4.5,public
647,13.0,1167.0,1074.36,2197.33,50.0,-2147.33,2147.33,≥9,1000,1000,82.64307692307692,89.76923076923077,public
648,1.0,1113.0,1536.0,1403.6,50.0,-1353.6,1353.6,≤4,1500,1000,1536.0,1113.0,public
649,6.0,930.0,1907.95,1788.75,50.0,-1738.75,1738.75,6–8,1750,800,317.9916666666667,155.0,public
650,5.0,714.0,617.72,1164.2,50.0,-1114.2,1114.2,5,500,600,123.54400000000001,142.8,public
651,7.0,256.0,2180.53,1548.87,50.0,-1498.87,1498.87,6–8,2000,200,311.50428571428574,36.57142857142857,public
652,9.0,1063.0,2497.79,1761.94,50.0,-1711.94,1711.94,≥9,2250,1000,277.53222222222223,118.11111111111111,public
653,11.0,512.0,2016.19,1710.53,50.0,-1660.53,1660.53,≥9,2000,400,183.29,46.54545454545455,public
654,9.0,463.0,1024.53,1476.48,50.0,-1426.48,1426.48,≥9,1000,400,113.83666666666666,51.44444444444444,public
655,12.0,714.0,2003.23,1829.06,50.0,-1779.06,1779.06,≥9,2000,600,166.93583333333333,59.5,public
656,9.0,1165.0,1868.79,1945.95,50.0,-1895.95,1895.95,≥9,1750,1000,207.64333333333332,129.44444444444446,public
657,1.0,872.0,2420.07,1456.34,50.0,-1406.34,1406.34,≤4,2250,800,2420.07,872.0,public
658,10.0,631.0,1220.71,1730.86,50.0,-1680.86,1680.86,≥9,1000,600,122.071,63.1,public
659,9.0,633.0,888.17,1384.78,50.0,-1334.78,1334.78,≥9,750,600,98.68555555555555,70.33333333333333,public
660,4.0,1065.0,119.34,781.82,50.0,-731.82,731.82,≤4,0,1000,29.835,266.25,public
661,12.0,947.0,193.05,1225.63,50.0,-1175.63,1175.63,≥9,0,800,16.087500000000002,78.91666666666667,public
662,4.0,159.0,568.58,647.0,50.0,-597.0,597.0,≤4,500,0,142.145,39.75,public
663,1.0,292.0,449.83,363.02,50.0,-313.02,313.02,≤4,250,200,449.83,292.0,public
664,1.0,1115.0,926.13,1192.88,50.0,-1142.88,1142.88,≤4,750,1000,926.13,1115.0,public
665,7.0,1168.0,667.94,1639.55,50.0,-1589.55,1589.55,6–8,500,1000,95.42,166.85714285714286,public
666,4.0,348.0,2047.08,1507.04,50.0,-1457.04,1457.04,≤4,2000,200,511.77,87.0,public
667,8.0,77.0,1930.98,1485.69,50.0,-1435.69,1435.69,6–8,1750,0,241.3725,9.625,public
668,7.0,1033.0,1013.03,2119.83,50.0,-2069.83,2069.83,6–8,1000,1000,144.71857142857144,147.57142857142858,public
669,4.0,672.0,1603.52,1612.43,50.0,-1562.43,1562.43,≤4,1500,600,400.88,168.0,public
670,4.0,1191.0,999.45,1478.93,50.0,-1428.93,1428.93,≤4,750,1000,249.8625,297.75,public
671,8.0,392.0,661.27,978.13,50.0,-928.13,928.13,6–8,500,200,82.65875,49.0,public
672,7.0,951.0,584.4,1253.76,50.0,-1203.76,1203.76,6–8,500,800,83.48571428571428,135.85714285714286,public
673,5.0,778.0,2423.47,1643.96,50.0,-1593.96,1593.96,5,2250,600,484.69399999999996,155.6,public
674,11.0,958.0,1999.13,1900.18,50.0,-1850.18,1850.18,≥9,1750,800,181.73909090909092,87.0909090909091,public
675,3.0,186.0,1068.31,1152.04,50.0,-1102.04,1102.04,≤4,1000,0,356.1033333333333,62.0,public
676,5.0,1116.0,2460.46,1711.97,50.0,-1661.97,1661.97,5,2250,1000,492.092,223.2,public
677,13.0,63.0,107.92,710.25,50.0,-660.25,660.25,≥9,0,0,8.301538461538462,4.846153846153846,public
678,6.0,170.0,476.99,600.23,50.0,-550.23,550.23,6–8,250,0,79.49833333333333,28.333333333333332,public
679,3.0,870.0,413.23,795.8,50.0,-745.8,745.8,≤4,250,800,137.74333333333334,290.0,public
680,12.0,852.0,1957.9,1944.89,50.0,-1894.89,1894.89,≥9,1750,800,163.15833333333333,71.0,public
681,6.0,420.0,386.77,929.16,50.0,-879.16,879.16,6–8,250,400,64.46166666666666,70.0,public
682,6.0,668.0,1922.45,1796.98,50.0,-1746.98,1746.98,6–8,1750,600,320.40833333333336,111.33333333333333,public
683,8.0,795.0,1645.99,644.69,50.0,-594.69,594.69,6–8,1500,600,205.74875,99.375,public
684,4.0,420.0,927.74,1238.04,50.0,-1188.04,1188.04,≤4,750,400,231.935,105.0,public
685,12.0,1074.0,2407.71,1843.97,50.0,-1793.97,1793.97,≥9,2250,1000,200.6425,89.5,public
686,12.0,916.0,2394.85,1740.85,50.0,-1690.85,1690.85,≥9,2250,800,199.57083333333333,76.33333333333333,public
687,4.0,1075.0,586.17,1023.65,50.0,-973.65,973.65,≤4,500,1000,146.5425,268.75,public
688,5.0,1143.0,1217.72,1745.09,50.0,-1695.09,1695.09,5,1000,1000,243.544,228.6,public
689,2.0,719.0,591.44,755.3,50.0,-705.3,705.3,≤4,500,600,295.72,359.5,public
690,4.0,197.0,1858.84,1416.33,50.0,-1366.33,1366.33,≤4,1750,0,464.71,49.25,public
691,6.0,248.0,395.4,710.15,50.0,-660.15,660.15,6–8,250,200,65.89999999999999,41.333333333333336,public
692,10.0,834.0,1820.8,1883.49,50.0,-1833.49,1833.49,≥9,1750,800,182.07999999999998,83.4,public
693,1.0,1112.0,2011.44,1423.85,50.0,-1373.85,1373.85,≤4,2000,1000,2011.44,1112.0,public
694,12.0,1189.0,1453.16,2162.13,50.0,-2112.13,2112.13,≥9,1250,1000,121.09666666666668,99.08333333333333,public
695,14.0,269.0,1349.61,1832.34,50.0,-1782.34,1782.34,≥9,1250,200,96.40071428571427,19.214285714285715,public
696,7.0,671.0,1262.85,1600.42,50.0,-1550.42,1550.42,6–8,1250,600,180.40714285714284,95.85714285714286,public
697,9.0,52.0,350.58,601.81,50.0,-551.81,551.81,≥9,250,0,38.95333333333333,5.777777777777778,public
698,14.0,976.0,1526.58,1995.87,50.0,-1945.87,1945.87,≥9,1500,800,109.04142857142857,69.71428571428571,public
699,2.0,370.0,1554.5,1311.23,50.0,-1261.23,1261.23,≤4,1500,200,777.25,185.0,public
700,4.0,1180.0,1948.55,1565.16,50.0,-1515.16,1515.16,≤4,1750,1000,487.1375,295.0,public
701,5.0,36.0,2022.94,1410.58,50.0,-1360.58,1360.58,5,2000,0,404.588,7.2,public
702,5.0,691.0,1030.64,1465.26,50.0,-1415.26,1415.26,5,1000,600,206.12800000000001,138.2,public
703,8.0,52.0,2353.5,1485.05,50.0,-1435.05,1435.05,6–8,2250,0,294.1875,6.5,public
704,11.0,24.0,2029.04,1569.37,50.0,-1519.37,1519.37,≥9,2000,0,184.45818181818183,2.1818181818181817,public
705,8.0,221.0,936.98,1287.0,50.0,-1237.0,1237.0,6–8,750,200,117.1225,27.625,public
706,1.0,85.0,89.83,175.53,50.0,-125.53,125.53,≤4,0,0,89.83,85.0,public
707,7.0,803.0,12.75,1146.78,50.0,-1096.78,1096.78,6–8,0,800,1.8214285714285714,114.71428571428571,public
708,12.0,893.0,910.41,1862.13,50.0,-1812.13,1812.13,≥9,750,800,75.86749999999999,74.41666666666667,public
709,14.0,113.0,1091.13,1703.02,50.0,-1653.02,1653.02,≥9,1000,0,77.93785714285715,8.071428571428571,public
710,5.0,516.0,1878.49,669.85,50.0,-619.85,619.85,5,1750,400,375.698,103.2,public
711,14.0,904.0,2005.96,1970.01,50.0,-1920.01,1920.01,≥9,2000,800,143.28285714285715,64.57142857142857,public
712,1.0,1058.0,1601.04,1465.9,50.0,-1415.9,1415.9,≤4,1500,1000,1601.04,1058.0,public
713,14.0,555.0,313.73,1201.26,50.0,-1151.26,1151.26,≥9,250,400,22.409285714285716,39.642857142857146,public
714,7.0,738.0,730.28,1429.72,50.0,-1379.72,1379.72,6–8,500,600,104.32571428571428,105.42857142857143,public
715,8.0,792.0,2437.24,1556.7,50.0,-1506.7,1506.7,6–8,2250,600,304.655,99.0,public
716,5.0,831.0,432.8,901.36,50.0,-851.36,851.36,5,250,800,86.56,166.2,public
717,7.0,709.0,320.8,1116.62,50.0,-1066.62,1066.62,6–8,250,600,45.82857142857143,101.28571428571429,public
718,9.0,1078.0,161.85,1260.96,50.0,-1210.96,1210.96,≥9,0,1000,17.983333333333334,119.77777777777777,public
719,2.0,616.0,968.93,1163.1,50.0,-1113.1,1113.1,≤4,750,600,484.465,308.0,public
720,2.0,570.0,2297.12,1423.86,50.0,-1373.86,1373.86,≤4,2250,400,1148.56,285.0,public
721,9.0,13.0,986.41,1271.52,50.0,-1221.52,1221.52,≥9,750,0,109.60111111111111,1.4444444444444444,public
722,7.0,381.0,2106.96,1705.27,50.0,-1655.27,1655.27,6–8,2000,200,300.9942857142857,54.42857142857143,public
723,9.0,460.0,2424.47,1624.68,50.0,-1574.68,1574.68,≥9,2250,400,269.3855555555555,51.111111111111114,public
724,4.0,425.0,1286.54,1449.26,50.0,-1399.26,1399.26,≤4,1250,400,321.635,106.25,public
725,11.0,437.0,1053.24,1630.47,50.0,-1580.47,1580.47,≥9,1000,400,95.74909090909091,39.72727272727273,public
726,9.0,1000.0,1901.79,1778.65,50.0,-1728.65,1728.65,≥9,1750,1000,211.31,111.11111111111111,public
727,1.0,553.0,1687.11,1295.34,50.0,-1245.34,1245.34,≤4,1500,400,1687.11,553.0,public
728,10.0,5.0,1094.06,1361.08,50.0,-1311.08,1311.08,≥9,1000,0,109.40599999999999,0.5,public
729,12.0,931.0,864.21,1663.58,50.0,-1613.58,1613.58,≥9,750,800,72.0175,77.58333333333333,public
730,6.0,436.0,914.53,1389.11,50.0,-1339.11,1339.11,6–8,750,400,152.42166666666665,72.66666666666667,public
731,3.0,1074.0,247.32,636.02,50.0,-586.02,586.02,≤4,0,1000,82.44,358.0,public
732,9.0,896.0,1398.54,1727.1,50.0,-1677.1,1677.1,≥9,1250,800,155.39333333333332,99.55555555555556,public
733,1.0,462.0,2047.57,1202.9,50.0,-1152.9,1152.9,≤4,2000,400,2047.57,462.0,public
734,3.0,665.0,2418.16,1490.96,50.0,-1440.96,1440.96,≤4,2250,600,806.0533333333333,221.66666666666666,public
735,11.0,532.0,2419.86,1653.69,50.0,-1603.69,1603.69,≥9,2250,400,219.98727272727274,48.36363636363637,public
736,9.0,483.0,52.64,949.04,50.0,-899.04,899.04,≥9,0,400,5.848888888888889,53.666666666666664,public
737,12.0,296.0,326.83,981.72,50.0,-931.72,931.72,≥9,250,200,27.235833333333332,24.666666666666668,public
738,9.0,131.0,1990.0,1557.2,50.0,-1507.2,1507.2,≥9,1750,0,221.11111111111111,14.555555555555555,public
739,6.0,836.0,2035.17,1718.79,50.0,-1668.79,1668.79,6–8,2000,800,339.195,139.33333333333334,public
740,10.0,532.0,1223.36,1631.49,50.0,-1581.49,1581.49,≥9,1000,400,122.33599999999998,53.2,public
741,14.0,595.0,2140.61,1989.13,50.0,-1939.13,1939.13,≥9,2000,400,152.9007142857143,42.5,public
742,7.0,623.0,1894.02,1739.49,50.0,-1689.49,1689.49,6–8,1750,600,270.57428571428574,89.0,public
743,5.0,1077.0,2234.35,1665.23,50.0,-1615.23,1615.23,5,2000,1000,446.87,215.4,public
744,5.0,579.0,1018.52,1468.01,50.0,-1418.01,1418.01,5,1000,400,203.704,115.8,public
745,8.0,255.0,1817.19,1510.91,50.0,-1460.91,1460.91,6–8,1750,200,227.14875,31.875,public
746,8.0,1009.0,1378.07,1903.76,50.0,-1853.76,1853.76,6–8,1250,1000,172.25875,126.125,public
747,10.0,87.0,498.96,781.97,50.0,-731.97,731.97,≥9,250,0,49.896,8.7,public
748,1.0,809.0,1734.56,1447.25,50.0,-1397.25,1397.25,≤4,1500,800,1734.56,809.0,public
749,9.0,1079.0,1981.94,1763.16,50.0,-1713.16,1713.16,≥9,1750,1000,220.21555555555557,119.88888888888889,public
750,8.0,1134.0,1049.84,2073.13,50.0,-2023.13,2023.13,6–8,1000,1000,131.23,141.75,public
751,8.0,403.0,654.97,895.14,50.0,-845.14,845.14,6–8,500,400,81.87125,50.375,public
752,8.0,534.0,429.88,916.02,50.0,-866.02,866.02,6–8,250,400,53.735,66.75,public
753,13.0,564.0,2245.56,1745.09,50.0,-1695.09,1695.09,≥9,2000,400,172.73538461538462,43.38461538461539,public
754,2.0,752.0,958.29,1144.41,50.0,-1094.41,1094.41,≤4,750,600,479.145,376.0,public
755,11.0,293.0,1410.0,1673.7,50.0,-1623.7,1623.7,≥9,1250,200,128.1818181818182,26.636363636363637,public
756,5.0,919.0,470.23,1119.17,50.0,-1069.17,1069.17,5,250,800,94.046,183.8,public
757,5.0,103.0,333.22,573.58,50.0,-523.58,523.58,5,250,0,66.644,20.6,public
758,1.0,893.0,19.76,570.71,50.0,-520.71,520.71,≤4,0,800,19.76,893.0,public
759,12.0,37.0,52.65,789.01,50.0,-739.01,739.01,≥9,0,0,4.3875,3.0833333333333335,public
760,8.0,1142.0,776.74,1827.44,50.0,-1777.44,1777.44,6–8,750,1000,97.0925,142.75,public
761,5.0,332.0,218.03,801.73,50.0,-751.73,751.73,5,0,200,43.606,66.4,public
762,7.0,950.0,1739.62,2032.23,50.0,-1982.23,1982.23,6–8,1500,800,248.51714285714283,135.71428571428572,public
763,9.0,223.0,1916.03,1623.73,50.0,-1573.73,1573.73,≥9,1750,200,212.89222222222222,24.77777777777778,public
764,6.0,522.0,1210.87,1577.01,50.0,-1527.01,1527.01,6–8,1000,400,201.81166666666664,87.0,public
765,12.0,46.0,2077.07,1666.29,50.0,-1616.29,1616.29,≥9,2000,0,173.08916666666667,3.8333333333333335,public
766,2.0,252.0,1545.94,1300.19,50.0,-1250.19,1250.19,≤4,1500,200,772.97,126.0,public
767,14.0,999.0,619.42,1510.57,50.0,-1460.57,1460.57,≥9,500,800,44.24428571428571,71.35714285714286,public
768,13.0,125.0,2004.61,1721.56,50.0,-1671.56,1671.56,≥9,2000,0,154.20076923076923,9.615384615384615,public
769,9.0,597.0,625.99,990.84,50.0,-940.84,940.84,≥9,500,400,69.55444444444444,66.33333333333333,public
770,3.0,289.0,853.79,969.85,50.0,-919.85,919.85,≤4,750,200,284.59666666666664,96.33333333333333,public
771,7.0,953.0,1918.24,1833.56,50.0,-1783.56,1783.56,6–8,1750,800,274.0342857142857,136.14285714285714,public
772,4.0,275.0,2359.64,1483.58,50.0,-1433.58,1433.58,≤4,2250,200,589.91,68.75,public
773,5.0,755.0,1584.41,1729.08,50.0,-1679.08,1679.08,5,1500,600,316.882,151.0,public
774,9.0,803.0,880.17,1589.75,50.0,-1539.75,1539.75,≥9,750,800,97.79666666666667,89.22222222222223,public
775,11.0,293.0,285.14,966.87,50.0,-916.87,916.87,≥9,250,200,25.921818181818182,26.636363636363637,public
776,6.0,164.0,1460.21,1535.3,50.0,-1485.3,1485.3,6–8,1250,0,243.36833333333334,27.333333333333332,public
777,12.0,675.0,2277.93,1807.33,50.0,-1757.33,1757.33,≥9,2250,600,189.8275,56.25,public
778,11.0,859.0,146.71,1267.98,50.0,-1217.98,1217.98,≥9,0,800,13.337272727272728,78.0909090909091,public
779,2.0,296.0,1878.7,1354.0,50.0,-1304.0,1304.0,≤4,1750,200,939.35,148.0,public
780,7.0,300.0,2417.85,1634.04,50.0,-1584.04,1584.04,6–8,2250,200,345.40714285714284,42.857142857142854,public
781,2.0,1155.0,1517.18,1543.17,50.0,-1493.17,1493.17,≤4,1500,1000,758.59,577.5,public
782,5.0,765.0,480.48,1038.42,50.0,-988.4200000000001,988.4200000000001,5,250,600,96.096,153.0,public
783,9.0,1097.0,2330.2,1728.07,50.0,-1678.07,1678.07,≥9,2250,1000,258.9111111111111,121.88888888888889,public
784,4.0,422.0,2049.71,1491.9,50.0,-1441.9,1441.9,≤4,2000,400,512.4275,105.5,public
785,14.0,1020.0,510.33,1406.95,50.0,-1356.95,1356.95,≥9,500,1000,36.45214285714285,72.85714285714286,public
786,4.0,205.0,545.57,682.22,50.0,-632.22,632.22,≤4,500,200,136.3925,51.25,public
787,12.0,1046.0,1850.85,1875.72,50.0,-1825.72,1825.72,≥9,1750,1000,154.23749999999998,87.16666666666667,public
788,4.0,1001.0,739.08,1116.31,50.0,-1066.31,1066.31,≤4,500,1000,184.77,250.25,public
789,9.0,938.0,742.17,1632.1,50.0,-1582.1,1582.1,≥9,500,800,82.46333333333332,104.22222222222223,public
790,5.0,351.0,407.74,883.11,50.0,-833.11,833.11,5,250,200,81.548,70.2,public
791,9.0,748.0,653.42,1249.66,50.0,-1199.66,1199.66,≥9,500,600,72.60222222222222,83.11111111111111,public
792,13.0,1186.0,2462.26,1906.35,50.0,-1856.35,1856.35,≥9,2250,1000,189.4046153846154,91.23076923076923,public
793,6.0,384.0,1656.04,1682.33,50.0,-1632.33,1632.33,6–8,1500,200,276.00666666666666,64.0,public
794,10.0,150.0,418.41,844.9,50.0,-794.9,794.9,≥9,250,0,41.841,15.0,public
795,10.0,783.0,158.93,993.55,50.0,-943.55,943.55,≥9,0,600,15.893,78.3,public
796,6.0,372.0,2494.69,1742.34,50.0,-1692.34,1692.34,6–8,2250,200,415.7816666666667,62.0,public
797,10.0,958.0,1643.76,1827.18,50.0,-1777.18,1777.18,≥9,1500,800,164.376,95.8,public
798,8.0,34.0,1225.2,1438.52,50.0,-1388.52,1388.52,6–8,1000,0,153.15,4.25,public
799,7.0,151.0,2461.93,1516.58,50.0,-1466.58,1466.58,6–8,2250,0,351.7042857142857,21.571428571428573,public
800,7.0,150.0,1379.35,1500.09,50.0,-1450.09,1450.09,6–8,1250,0,197.04999999999998,21.428571428571427,public
801,6.0,751.0,2085.98,1757.81,50.0,-1707.81,1707.81,6–8,2000,600,347.66333333333336,125.16666666666667,public
802,7.0,568.0,159.12,738.92,50.0,-688.92,688.92,6–8,0,400,22.731428571428573,81.14285714285714,public
803,12.0,574.0,2240.9,1785.72,50.0,-1735.72,1735.72,≥9,2000,400,186.74166666666667,47.833333333333336,public
804,13.0,36.0,808.38,1190.16,50.0,-1140.16,1140.16,≥9,750,0,62.183076923076925,2.769230769230769,public
805,14.0,595.0,1818.77,1889.9,50.0,-1839.9,1839.9,≥9,1750,400,129.91214285714287,42.5,public
806,7.0,381.0,2342.27,1705.24,50.0,-1655.24,1655.24,6–8,2250,200,334.61,54.42857142857143,public
807,14.0,174.0,815.3,1295.14,50.0,-1245.14,1245.14,≥9,750,0,58.23571428571428,12.428571428571429,public
808,11.0,226.0,2013.45,1590.82,50.0,-1540.82,1540.82,≥9,2000,200,183.04090909090908,20.545454545454547,public
809,13.0,137.0,1505.66,1777.72,50.0,-1727.72,1727.72,≥9,1500,0,115.82000000000001,10.538461538461538,public
810,13.0,774.0,206.45,1110.0,50.0,-1060.0,1060.0,≥9,0,600,15.88076923076923,59.53846153846154,public
811,5.0,1120.0,1514.91,1658.97,50.0,-1608.97,1608.97,5,1500,1000,302.982,224.0,public
812,4.0,862.0,2335.55,1698.94,50.0,-1648.94,1648.94,≤4,2250,800,583.8875,215.5,public
813,8.0,829.0,1147.89,2004.34,50.0,-1954.34,1954.34,6–8,1000,800,143.48625,103.625,public
814,4.0,380.0,446.66,764.24,50.0,-714.24,714.24,≤4,250,200,111.665,95.0,public
815,9.0,238.0,1197.83,1560.78,50.0,-1510.78,1510.78,≥9,1000,200,133.0922222222222,26.444444444444443,public
816,13.0,1199.0,493.0,1634.13,50.0,-1584.13,1584.13,≥9,250,1000,37.92307692307692,92.23076923076923,public
817,12.0,710.0,1249.41,1921.09,50.0,-1871.09,1871.09,≥9,1000,600,104.1175,59.166666666666664,public
818,14.0,719.0,1973.14,1980.99,50.0,-1930.99,1930.99,≥9,1750,600,140.93857142857144,51.357142857142854,public
819,1.0,482.0,1697.08,1198.24,50.0,-1148.24,1148.24,≤4,1500,400,1697.08,482.0,public
820,9.0,444.0,725.31,1062.52,50.0,-1012.52,1012.52,≥9,500,400,80.58999999999999,49.333333333333336,public
821,11.0,610.0,1990.79,1753.56,50.0,-1703.56,1703.56,≥9,1750,600,180.98090909090908,55.45454545454545,public
822,4.0,238.0,1707.28,1483.48,50.0,-1433.48,1433.48,≤4,1500,200,426.82,59.5,public
823,2.0,299.0,1612.7,1282.8,50.0,-1232.8,1232.8,≤4,1500,200,806.35,149.5,public
824,10.0,273.0,799.9,1155.05,50.0,-1105.05,1105.05,≥9,750,200,79.99,27.3,public
825,3.0,154.0,274.04,406.91,50.0,-356.91,356.91,≤4,250,0,91.34666666666668,51.333333333333336,public
826,7.0,636.0,697.02,1276.06,50.0,-1226.06,1226.06,6–8,500,600,99.57428571428571,90.85714285714286,public
827,2.0,1038.0,685.07,962.14,50.0,-912.14,912.14,≤4,500,1000,342.535,519.0,public
828,2.0,798.0,2334.41,1485.4,50.0,-1435.4,1435.4,≤4,2250,600,1167.205,399.0,public
829,12.0,601.0,2166.56,1918.46,50.0,-1868.46,1868.46,≥9,2000,600,180.54666666666665,50.083333333333336,public
830,6.0,290.0,814.04,1077.35,50.0,-1027.35,1027.35,6–8,750,200,135.67333333333332,48.333333333333336,public
831,8.0,16.0,259.02,543.56,50.0,-493.55999999999995,493.55999999999995,6–8,250,0,32.3775,2.0,public
832,8.0,303.0,1072.44,1453.25,50.0,-1403.25,1403.25,6–8,1000,200,134.055,37.875,public
833,11.0,372.0,2048.26,1632.61,50.0,-1582.61,1582.61,≥9,2000,200,186.20545454545456,33.81818181818182,public
834,3.0,864.0,2338.52,1513.04,50.0,-1463.04,1463.04,≤4,2250,800,779.5066666666667,288.0,public
835,11.0,913.0,2253.41,1758.56,50.0,-1708.56,1708.56,≥9,2250,800,204.85545454545453,83.0,public
836,14.0,805.0,834.06,1683.49,50.0,-1633.49,1633.49,≥9,750,800,59.575714285714284,57.5,public
837,5.0,905.0,2317.31,1691.38,50.0,-1641.38,1641.38,5,2250,800,463.462,181.0,public
838,10.0,728.0,226.53,1060.47,50.0,-1010.47,1010.47,≥9,0,600,22.653,72.8,public
839,4.0,842.0,893.25,1324.64,50.0,-1274.64,1274.64,≤4,750,800,223.3125,210.5,public
840,5.0,117.0,953.06,1116.8,50.0,-1066.8,1066.8,5,750,0,190.612,23.4,public
841,12.0,307.0,957.17,1432.75,50.0,-1382.75,1382.75,≥9,750,200,79.76416666666667,25.583333333333332,public
842,9.0,51.0,314.81,704.94,50.0,-654.94,654.94,≥9,250,0,34.97888888888889,5.666666666666667,public
843,7.0,1071.0,841.11,1699.9,50.0,-1649.9,1649.9,6–8,750,1000,120.15857142857143,153.0,public
844,13.0,922.0,1510.22,1967.87,50.0,-1917.87,1917.87,≥9,1500,800,116.17076923076924,70.92307692307692,public
845,8.0,867.0,2373.39,1747.22,50.0,-1697.22,1697.22,6–8,2250,800,296.67375,108.375,public
846,11.0,1013.0,1483.3,1952.8,50.0,-1902.8,1902.8,≥9,1250,1000,134.84545454545454,92.0909090909091,public
847,6.0,1148.0,1525.81,1776.48,50.0,-1726.48,1726.48,6–8,1500,1000,254.30166666666665,191.33333333333334,public
848,12.0,158.0,2195.67,1625.46,50.0,-1575.46,1575.46,≥9,2000,0,182.9725,13.166666666666666,public
849,5.0,1010.0,2054.21,1810.37,50.0,-1760.37,1760.37,5,2000,1000,410.842,202.0,public
850,1.0,682.0,1517.04,1376.04,50.0,-1326.04,1326.04,≤4,1500,600,1517.04,682.0,public
851,5.0,14.0,78.33,406.7,50.0,-356.7,356.7,5,0,0,15.666,2.8,public
852,6.0,1203.0,1900.48,1972.88,50.0,-1922.88,1922.88,6–8,1750,1200,316.74666666666667,200.5,public
853,4.0,810.0,1852.31,1575.87,50.0,-1525.87,1525.87,≤4,1750,800,463.0775,202.5,public
854,3.0,760.0,2073.25,1522.45,50.0,-1472.45,1472.45,≤4,2000,600,691.0833333333334,253.33333333333334,public
855,7.0,868.0,625.09,1403.48,50.0,-1353.48,1353.48,6–8,500,800,89.29857142857144,124.0,public
856,7.0,205.0,103.31,683.1,50.0,-633.1,633.1,6–8,0,200,14.758571428571429,29.285714285714285,public
857,5.0,387.0,1882.35,1588.8,50.0,-1538.8,1538.8,5,1750,200,376.46999999999997,77.4,public
858,11.0,447.0,130.07,852.02,50.0,-802.02,802.02,≥9,0,400,11.824545454545454,40.63636363636363,public
859,9.0,482.0,1348.44,1633.26,50.0,-1583.26,1583.26,≥9,1250,400,149.82666666666668,53.55555555555556,public
860,7.0,15.0,2436.67,1459.63,50.0,-1409.63,1409.63,6–8,2250,0,348.0957142857143,2.142857142857143,public
861,10.0,955.0,1182.33,1950.3,50.0,-1900.3,1900.3,≥9,1000,800,118.23299999999999,95.5,public
862,5.0,41.0,2314.68,1500.28,50.0,-1450.28,1450.28,5,2250,0,462.936,8.2,public
863,2.0,1189.0,1164.74,1666.52,50.0,-1616.52,1616.52,≤4,1000,1000,582.37,594.5,public
864,2.0,762.0,519.74,752.69,50.0,-702.69,702.69,≤4,500,600,259.87,381.0,public
865,10.0,895.0,937.46,1714.8,50.0,-1664.8,1664.8,≥9,750,800,93.74600000000001,89.5,public
866,13.0,858.0,2258.01,1889.71,50.0,-1839.71,1839.71,≥9,2250,800,173.69307692307694,66.0,public
867,11.0,650.0,524.8,1179.09,50.0,-1129.09,1129.09,≥9,500,600,47.709090909090904,59.09090909090909,public
868,4.0,198.0,2106.63,1450.67,50.0,-1400.67,1400.67,≤4,2000,0,526.6575,49.5,public
869,1.0,791.0,1927.75,1419.88,50.0,-1369.88,1369.88,≤4,1750,600,1927.75,791.0,public
870,14.0,1020.0,1201.75,2337.73,50.0,-2287.73,2287.73,≥9,1000,1000,85.83928571428571,72.85714285714286,public
871,12.0,59.0,2247.39,1629.92,50.0,-1579.92,1579.92,≥9,2000,0,187.2825,4.916666666666667,public
872,8.0,626.0,545.84,1142.89,50.0,-1092.89,1092.89,6–8,500,600,68.23,78.25,public
873,5.0,57.0,559.05,639.73,50.0,-589.73,589.73,5,500,0,111.80999999999999,11.4,public
874,5.0,908.0,716.7,1375.88,50.0,-1325.88,1325.88,5,500,800,143.34,181.6,public
875,13.0,8.0,78.44,713.71,50.0,-663.71,663.71,≥9,0,0,6.033846153846154,0.6153846153846154,public
876,11.0,684.0,672.51,1487.93,50.0,-1437.93,1437.93,≥9,500,600,61.13727272727272,62.18181818181818,public
877,4.0,180.0,2365.46,1443.02,50.0,-1393.02,1393.02,≤4,2250,0,591.365,45.0,public
878,13.0,511.0,1628.33,1915.79,50.0,-1865.79,1865.79,≥9,1500,400,125.25615384615384,39.30769230769231,public
879,4.0,231.0,20.39,499.26,50.0,-449.26,449.26,≤4,0,200,5.0975,57.75,public
880,9.0,1139.0,1973.31,1759.33,50.0,-1709.33,1709.33,≥9,1750,1000,219.25666666666666,126.55555555555556,public
881,9.0,578.0,1167.71,1587.21,50.0,-1537.21,1537.21,≥9,1000,400,129.74555555555557,64.22222222222223,public
882,14.0,530.0,2028.06,2079.14,50.0,-2029.1399999999999,2029.1399999999999,≥9,2000,400,144.86142857142858,37.857142857142854,public
883,7.0,316.0,141.89,837.8,50.0,-787.8,787.8,6–8,0,200,20.27,45.142857142857146,public
884,2.0,897.0,2382.39,1437.95,50.0,-1387.95,1387.95,≤4,2250,800,1191.195,448.5,public
885,12.0,121.0,608.92,1033.44,50.0,-983.44,983.44,≥9,500,0,50.74333333333333,10.083333333333334,public
886,4.0,764.0,1417.94,1682.1,50.0,-1632.1,1632.1,≤4,1250,600,354.485,191.0,public
887,11.0,663.0,2141.08,1715.29,50.0,-1665.29,1665.29,≥9,2000,600,194.64363636363635,60.27272727272727,public
888,3.0,91.0,1640.15,1338.3,50.0,-1288.3,1288.3,≤4,1500,0,546.7166666666667,30.333333333333332,public
889,1.0,1035.0,1289.84,1317.33,50.0,-1267.33,1267.33,≤4,1250,1000,1289.84,1035.0,public
890,7.0,125.0,193.62,616.24,50.0,-566.24,566.24,6–8,0,0,27.66,17.857142857142858,public
891,12.0,437.0,639.96,1183.74,50.0,-1133.74,1133.74,≥9,500,400,53.330000000000005,36.416666666666664,public
892,4.0,84.0,2243.12,1392.1,50.0,-1342.1,1342.1,≤4,2000,0,560.78,21.0,public
893,5.0,716.0,1316.6,1686.98,50.0,-1636.98,1636.98,5,1250,600,263.32,143.2,public
894,12.0,18.0,2461.37,1556.78,50.0,-1506.78,1506.78,≥9,2250,0,205.11416666666665,1.5,public
895,3.0,560.0,1664.15,1419.48,50.0,-1369.48,1369.48,≤4,1500,400,554.7166666666667,186.66666666666666,public
896,3.0,504.0,63.39,568.17,50.0,-518.17,518.17,≤4,0,400,21.13,168.0,public
897,5.0,1126.0,664.9,1336.74,50.0,-1286.74,1286.74,5,500,1000,132.98,225.2,public
898,1.0,1092.0,390.55,589.11,50.0,-539.11,539.11,≤4,250,1000,390.55,1092.0,public
899,11.0,273.0,502.37,862.61,50.0,-812.61,812.61,≥9,500,200,45.67,24.818181818181817,public
900,4.0,6.0,458.7,459.21,50.0,-409.21,409.21,≤4,250,0,114.675,1.5,public
901,1.0,620.0,490.45,678.74,50.0,-628.74,628.74,≤4,250,600,490.45,620.0,public
902,5.0,659.0,2083.15,1645.06,50.0,-1595.06,1595.06,5,2000,600,416.63,131.8,public
903,12.0,353.0,2150.17,1765.67,50.0,-1715.67,1715.67,≥9,2000,200,179.18083333333334,29.416666666666668,public
904,13.0,618.0,1982.27,2000.39,50.0,-1950.39,1950.39,≥9,1750,600,152.4823076923077,47.53846153846154,public
905,2.0,1158.0,2355.92,1528.91,50.0,-1478.91,1478.91,≤4,2250,1000,1177.96,579.0,public
906,3.0,512.0,1251.6,1360.76,50.0,-1310.76,1310.76,≤4,1250,400,417.2,170.66666666666666,public
907,5.0,840.0,941.55,1676.48,50.0,-1626.48,1626.48,5,750,800,188.31,168.0,public
908,7.0,1086.0,2319.81,1858.36,50.0,-1808.36,1808.36,6–8,2250,1000,331.40142857142854,155.14285714285714,public
909,13.0,1152.0,864.45,1797.14,50.0,-1747.14,1747.14,≥9,750,1000,66.49615384615385,88.61538461538461,public
910,4.0,840.0,1375.42,1580.95,50.0,-1530.95,1530.95,≤4,1250,800,343.855,210.0,public
911,4.0,724.0,89.99,667.98,50.0,-617.98,617.98,≤4,0,600,22.4975,181.0,public
912,3.0,327.0,2141.92,1438.41,50.0,-1388.41,1388.41,≤4,2000,200,713.9733333333334,109.0,public
913,13.0,1055.0,2005.84,1997.52,50.0,-1947.52,1947.52,≥9,2000,1000,154.29538461538462,81.15384615384616,public
914,1.0,931.0,327.97,609.73,50.0,-559.73,559.73,≤4,250,800,327.97,931.0,public
915,10.0,108.0,2181.67,1632.42,50.0,-1582.42,1582.42,≥9,2000,0,218.167,10.8,public
916,13.0,1204.0,24.47,1344.17,50.0,-1294.17,1294.17,≥9,0,1200,1.8823076923076922,92.61538461538461,public
917,5.0,517.0,919.25,1288.31,50.0,-1238.31,1238.31,5,750,400,183.85,103.4,public
918,8.0,897.0,1536.36,1944.62,50.0,-1894.62,1894.62,6–8,1500,800,192.045,112.125,public
919,12.0,988.0,2492.79,1753.84,50.0,-1703.84,1703.84,≥9,2250,800,207.7325,82.33333333333333,public
920,1.0,1041.0,1630.25,1466.95,50.0,-1416.95,1416.95,≤4,1500,1000,1630.25,1041.0,public
921,10.0,454.0,2359.42,1619.0,50.0,-1569.0,1569.0,≥9,2250,400,235.942,45.4,public
922,5.0,406.0,1084.16,1399.39,50.0,-1349.39,1349.39,5,1000,400,216.83200000000002,81.2,public
923,4.0,103.0,1790.07,1394.55,50.0,-1344.55,1344.55,≤4,1750,0,447.5175,25.75,public
924,11.0,198.0,269.95,695.66,50.0,-645.66,645.66,≥9,250,0,24.54090909090909,18.0,public
925,4.0,477.0,18.97,631.5,50.0,-581.5,581.5,≤4,0,400,4.7425,119.25,public
926,11.0,67.0,2455.53,1572.91,50.0,-1522.91,1522.91,≥9,2250,0,223.23000000000002,6.090909090909091,public
927,7.0,789.0,185.73,966.26,50.0,-916.26,916.26,6–8,0,600,26.532857142857143,112.71428571428571,public
928,13.0,70.0,993.7,1492.02,50.0,-1442.02,1442.02,≥9,750,0,76.43846153846154,5.384615384615385,public
929,12.0,59.0,858.62,1377.35,50.0,-1327.35,1327.35,≥9,750,0,71.55166666666666,4.916666666666667,public
930,3.0,1027.0,180.0,804.96,50.0,-754.96,754.96,≤4,0,1000,60.0,342.3333333333333,public
931,3.0,275.0,543.74,572.73,50.0,-522.73,522.73,≤4,500,200,181.24666666666667,91.66666666666667,public
932,12.0,180.0,384.42,873.97,50.0,-823.97,823.97,≥9,250,0,32.035000000000004,15.0,public
933,3.0,334.0,2449.89,1472.53,50.0,-1422.53,1422.53,≤4,2250,200,816.63,111.33333333333333,public
934,7.0,759.0,1694.02,1960.92,50.0,-1910.92,1910.92,6–8,1500,600,242.00285714285715,108.42857142857143,public
935,10.0,174.0,1991.96,1542.4,50.0,-1492.4,1492.4,≥9,1750,0,199.196,17.4,public
936,1.0,780.0,366.37,516.69,50.0,-466.69000000000005,466.69000000000005,≤4,250,600,366.37,780.0,public
937,9.0,934.0,415.5,1208.82,50.0,-1158.82,1158.82,≥9,250,800,46.166666666666664,103.77777777777777,public
938,8.0,936.0,556.28,1277.26,50.0,-1227.26,1227.26,6–8,500,800,69.535,117.0,public
939,1.0,1002.0,2320.13,1475.4,50.0,-1425.4,1425.4,≤4,2250,1000,2320.13,1002.0,public
940,7.0,83.0,137.84,482.65,50.0,-432.65,432.65,6–8,0,0,19.69142857142857,11.857142857142858,public
941,9.0,191.0,789.52,1058.5,50.0,-1008.5,1008.5,≥9,750,0,87.72444444444444,21.22222222222222,public
942,3.0,280.0,1090.37,1256.92,50.0,-1206.92,1206.92,≤4,1000,200,363.45666666666665,93.33333333333333,public
943,5.0,644.0,2383.17,1785.53,50.0,-1735.53,1735.53,5,2250,600,476.634,128.8,public
944,10.0,498.0,992.86,1395.03,50.0,-1345.03,1345.03,≥9,750,400,99.286,49.8,public
945,4.0,317.0,1793.28,1518.93,50.0,-1468.93,1468.93,≤4,1750,200,448.32,79.25,public
946,4.0,1100.0,370.61,860.32,50.0,-810.32,810.32,≤4,250,1000,92.6525,275.0,public
947,4.0,263.0,2469.06,1503.98,50.0,-1453.98,1453.98,≤4,2250,200,617.265,65.75,public
948,4.0,932.0,1287.34,1513.28,50.0,-1463.28,1463.28,≤4,1250,800,321.835,233.0,public
949,14.0,343.0,2013.4,1839.05,50.0,-1789.05,1789.05,≥9,2000,200,143.81428571428572,24.5,public
950,2.0,274.0,888.24,917.79,50.0,-867.79,867.79,≤4,750,200,444.12,137.0,public
951,1.0,759.0,330.29,500.92,50.0,-450.92,450.92,≤4,250,600,330.29,759.0,public
952,8.0,204.0,2178.45,1506.38,50.0,-1456.38,1456.38,6–8,2000,200,272.30625,25.5,public
953,10.0,396.0,2068.65,1556.68,50.0,-1506.68,1506.68,≥9,2000,200,206.865,39.6,public
954,6.0,840.0,870.82,1496.46,50.0,-1446.46,1446.46,6–8,750,800,145.13666666666668,140.0,public
955,7.0,756.0,1473.59,1961.96,50.0,-1911.96,1911.96,6–8,1250,600,210.51285714285714,108.0,public
956,4.0,1048.0,279.75,780.15,50.0,-730.15,730.15,≤4,250,1000,69.9375,262.0,public
957,9.0,800.0,39.96,1158.68,50.0,-1108.68,1108.68,≥9,0,800,4.44,88.88888888888889,public
958,3.0,240.0,1895.67,1386.33,50.0,-1336.33,1336.33,≤4,1750,200,631.89,80.0,public
959,13.0,997.0,920.48,2124.16,50.0,-2074.16,2074.16,≥9,750,800,70.80615384615385,76.6923076923077,public
960,2.0,826.0,2163.39,1523.26,50.0,-1473.26,1473.26,≤4,2000,800,1081.695,413.0,public
961,6.0,194.0,914.25,1168.72,50.0,-1118.72,1118.72,6–8,750,0,152.375,32.333333333333336,public
962,4.0,333.0,1934.76,1467.52,50.0,-1417.52,1417.52,≤4,1750,200,483.69,83.25,public
963,8.0,1053.0,1864.01,1794.57,50.0,-1744.57,1744.57,6–8,1750,1000,233.00125,131.625,public
964,12.0,466.0,1291.33,1770.37,50.0,-1720.37,1720.37,≥9,1250,400,107.61083333333333,38.833333333333336,public
965,8.0,916.0,2417.62,1755.05,50.0,-1705.05,1705.05,6–8,2250,800,302.2025,114.5,public
966,11.0,322.0,1251.3,1732.46,50.0,-1682.46,1682.46,≥9,1250,200,113.75454545454545,29.272727272727273,public
967,13.0,11.0,1114.96,1555.48,50.0,-1505.48,1505.48,≥9,1000,0,85.76615384615386,0.8461538461538461,public
968,7.0,250.0,364.79,718.71,50.0,-668.71,668.71,6–8,250,200,52.112857142857145,35.714285714285715,public
969,5.0,247.0,296.51,594.93,50.0,-544.93,544.93,5,250,200,59.302,49.4,public
970,14.0,1158.0,2104.61,1899.69,50.0,-1849.69,1849.69,≥9,2000,1000,150.32928571428573,82.71428571428571,public
971,11.0,1095.0,1071.83,2159.33,50.0,-2109.33,2109.33,≥9,1000,1000,97.43909090909091,99.54545454545455,public
972,11.0,1149.0,270.81,1284.51,50.0,-1234.51,1234.51,≥9,250,1000,24.61909090909091,104.45454545454545,public
973,9.0,14.0,1057.38,1372.31,50.0,-1322.31,1322.31,≥9,1000,0,117.48666666666668,1.5555555555555556,public
974,4.0,184.0,983.77,1202.69,50.0,-1152.69,1152.69,≤4,750,0,245.9425,46.0,public
975,6.0,135.0,2488.22,1561.2,50.0,-1511.2,1511.2,6–8,2250,0,414.7033333333333,22.5,public
976,5.0,717.0,1508.97,1722.49,50.0,-1672.49,1672.49,5,1500,600,301.794,143.4,public
977,1.0,389.0,1964.96,1228.94,50.0,-1178.94,1178.94,≤4,1750,200,1964.96,389.0,public
978,3.0,1136.0,1296.54,1536.6,50.0,-1486.6,1486.6,≤4,1250,1000,432.18,378.6666666666667,public
979,13.0,145.0,2202.42,1716.13,50.0,-1666.13,1666.13,≥9,2000,0,169.41692307692307,11.153846153846153,public
980,1.0,1122.0,861.5,1081.05,50.0,-1031.05,1031.05,≤4,750,1000,861.5,1122.0,public
981,14.0,383.0,97.95,1203.93,50.0,-1153.93,1153.93,≥9,0,200,6.996428571428572,27.357142857142858,public
982,1.0,309.0,1211.37,1110.55,50.0,-1060.55,1060.55,≤4,1000,200,1211.37,309.0,public
983,14.0,1090.0,2248.68,1905.5,50.0,-1855.5,1855.5,≥9,2000,1000,160.61999999999998,77.85714285714286,public
984,3.0,278.0,994.9,1167.78,50.0,-1117.78,1117.78,≤4,750,200,331.6333333333333,92.66666666666667,public
985,7.0,1109.0,2397.29,1917.57,50.0,-1867.57,1867.57,6–8,2250,1000,342.46999999999997,158.42857142857142,public
986,12.0,643.0,2194.16,1758.03,50.0,-1708.03,1708.03,≥9,2000,600,182.84666666666666,53.583333333333336,public
987,11.0,176.0,1050.67,1444.13,50.0,-1394.13,1394.13,≥9,1000,0,95.51545454545455,16.0,public
988,7.0,309.0,1021.75,1309.85,50.0,-1259.85,1259.85,6–8,1000,200,145.96428571428572,44.142857142857146,public
989,3.0,992.0,1897.41,1539.0,50.0,-1489.0,1489.0,≤4,1750,800,632.47,330.6666666666667,public
990,3.0,175.0,440.19,431.17,50.0,-381.17,381.17,≤4,250,0,146.73,58.333333333333336,public
991,5.0,895.0,2329.69,1791.96,50.0,-1741.96,1741.96,5,2250,800,465.938,179.0,public
992,8.0,372.0,348.37,950.24,50.0,-900.24,900.24,6–8,250,200,43.54625,46.5,public
993,5.0,567.0,193.11,718.3,50.0,-668.3,668.3,5,0,400,38.622,113.4,public
994,8.0,978.0,710.43,1624.58,50.0,-1574.58,1574.58,6–8,500,800,88.80375,122.25,public
995,1.0,1082.0,1809.49,446.94,50.0,-396.94,396.94,≤4,1750,1000,1809.49,1082.0,public
996,11.0,636.0,2238.97,1699.94,50.0,-1649.94,1649.94,≥9,2000,600,203.54272727272726,57.81818181818182,public
997,6.0,370.0,315.09,946.39,50.0,-896.39,896.39,6–8,250,200,52.51499999999999,61.666666666666664,public
998,8.0,413.0,222.83,802.95,50.0,-752.95,752.95,6–8,0,400,27.85375,51.625,public
999,3.0,399.0,141.39,546.04,50.0,-496.03999999999996,496.03999999999996,≤4,0,200,47.129999999999995,133.0,public
